NAME_KR,NAME_EN,DESCRIPTION_KR,DESCRIPTION_EN,KEYWORDS_KR,KEYWORDS_EN,IMAGE_URL,COMPANY_NAME_EN,INDUSTRY_NAME_KR,INDUSTRY_NAME_EN
Harnesses,Harnesses,The top-quality plastic material insulates electricity for maximum safety during use. This harness is an excellent choice for computers and other electrical appliances.,The top-quality plastic material insulates electricity for maximum safety during use. This harness is an excellent choice for computers and other electrical appliances.,,,https://sourcing-media.hktdc.com/product-original/Harnesses/428e801ca863422c82d3e2821f447940; https://sourcing-media.hktdc.com/product-original/Harnesses/c256b2fff8284b9abd031fef8e6d295c; https://sourcing-media.hktdc.com/product-original/Harnesses/e10b01cd22bd4d2496d42bd7722b24d0,Chung Yi Enterprise (H.K.) Company Limited,"Electrical Wire & Cable, Computer Cable; We are an ISO certified manufacturer with approximately 40 years of experience in producing cable assemblies, wire harness assemblies and modular jack products.; OEM","Electrical Wire & Cable, Computer Cable; We are an ISO certified manufacturer with approximately 40 years of experience in producing cable assemblies, wire harness assemblies and modular jack products.; OEM"
240*320 TFT LCD Display Module 2.8 inch IPS Display,240*320 TFT LCD Display Module 2.8 inch IPS Display,High Quality 240*320 TFT LCD Display Module 2.8 inch IPS Display LCD,High Quality 240*320 TFT LCD Display Module 2.8 inch IPS Display LCD,,,,Microtech Technology Company Limited,"Liquid Crystal Display (LCD); Design and maufacturing  TFT Modules, OLED Display Modules, TN, FSTN LCD Display, COB Character LCD Module, Graphic LCD, Capactive Touch Screen, Customise LCD display and Touch Screen Solution, Android Board Solution, TFT Driving Board Solution.; ODM, OEM, OBM","Liquid Crystal Display (LCD); Design and maufacturing  TFT Modules, OLED Display Modules, TN, FSTN LCD Display, COB Character LCD Module, Graphic LCD, Capactive Touch Screen, Customise LCD display and Touch Screen Solution, Android Board Solution, TFT Driving Board Solution.; ODM, OEM, OBM"
Membrane switch panel,Membrane switch panel,"Featured is a high-quality membrane switch panel designed for turning on and off an electrical circuit. It consists of two plastic-film screens printed with conductive ink to complete the circuit. Professionally manufactured with strong adhesive and fine materials, this membrane switch panel is able to prevail against the test of time and withstand the stress of actuation.; #Membrane switch panel #Electronic part","Featured is a high-quality membrane switch panel designed for turning on and off an electrical circuit. It consists of two plastic-film screens printed with conductive ink to complete the circuit. Professionally manufactured with strong adhesive and fine materials, this membrane switch panel is able to prevail against the test of time and withstand the stress of actuation.; #Membrane switch panel #Electronic part",,,https://sourcing-media.hktdc.com/product-original/Membrane-20switch-20panel/7e18be70e39d11ea883f06c82c63b760,Yan Chuen Company Limited,"Keyboard Panel Membrane, Keyboard (Excl. Computer Keyboard); Silicone Rubber Keypad, Membrane Keypad, Membrane Keyboard, FPC Cable Connector, Rubber Products, Rubber Connector Rubber Gasket, Silicone Rubber Cover, Plastic Case, Tempered Glass Screen Protector; OEM, ODM","Keyboard Panel Membrane, Keyboard (Excl. Computer Keyboard); Silicone Rubber Keypad, Membrane Keypad, Membrane Keyboard, FPC Cable Connector, Rubber Products, Rubber Connector Rubber Gasket, Silicone Rubber Cover, Plastic Case, Tempered Glass Screen Protector; OEM, ODM"
Electronic components,Electronic components,"RoMaks Limited is a trusted supplier of high-quality electronic components, strategically based in Hong Kong with a focus on fast delivery and global accessibility. We specialize in sourcing and distributing a wide range of components directly from leading manufacturers and verified distributors. Our extensive in-stock inventory and streamlined logistics network allow us to meet urgent production needs across the electronics industry.; We support OEMs, EMS providers, engineers, and procurement professionals with reliable supply chains and responsive customer service. Our product portfolio covers a broad spectrum of applications in industrial automation, automotive electronics, IoT, consumer devices, power systems, and more.; Passive Components: Resistors, capacitors, inductors, varistors, ferrites, and filters.; Active Components: Diodes, transistors, rectifiers, thyristors, voltage regulators.; Semiconductors & ICs: Microcontrollers, logic ICs, analog/digital ICs, sensors, memory chips.; PCB Hardware: Spacer standoffs, LED supports, screws, fasteners, connectors, cable assemblies.; Optoelectronics: LEDs, displays, photodiodes, infrared components.; All of our products comply with international standards such as RoHS , REACH , and ISO 9001 . Quality assurance is embedded into every stage of sourcing and handling to ensure reliability, performance, and safety.; In-stock availability for popular components with real-time updates.; Fast worldwide shipping from Hong Kong to Asia, Europe, and North America.; Custom sourcing solutions for hard-to-find, obsolete, or specialty parts.; Flexible MOQ (Minimum Order Quantity) to support prototyping and production.; Whether you are building next-generation devices or maintaining legacy systems, RoMaks Limited ensures your supply chain remains uninterrupted, affordable, and efficient. We are more than a supplier — we are a sourcing partner.; For more details, visit our website or contact our team to request a product list, datasheet, or quotation.","RoMaks Limited is a trusted supplier of high-quality electronic components, strategically based in Hong Kong with a focus on fast delivery and global accessibility. We specialize in sourcing and distributing a wide range of components directly from leading manufacturers and verified distributors. Our extensive in-stock inventory and streamlined logistics network allow us to meet urgent production needs across the electronics industry.; We support OEMs, EMS providers, engineers, and procurement professionals with reliable supply chains and responsive customer service. Our product portfolio covers a broad spectrum of applications in industrial automation, automotive electronics, IoT, consumer devices, power systems, and more.; Passive Components: Resistors, capacitors, inductors, varistors, ferrites, and filters.; Active Components: Diodes, transistors, rectifiers, thyristors, voltage regulators.; Semiconductors & ICs: Microcontrollers, logic ICs, analog/digital ICs, sensors, memory chips.; PCB Hardware: Spacer standoffs, LED supports, screws, fasteners, connectors, cable assemblies.; Optoelectronics: LEDs, displays, photodiodes, infrared components.; All of our products comply with international standards such as RoHS , REACH , and ISO 9001 . Quality assurance is embedded into every stage of sourcing and handling to ensure reliability, performance, and safety.; In-stock availability for popular components with real-time updates.; Fast worldwide shipping from Hong Kong to Asia, Europe, and North America.; Custom sourcing solutions for hard-to-find, obsolete, or specialty parts.; Flexible MOQ (Minimum Order Quantity) to support prototyping and production.; Whether you are building next-generation devices or maintaining legacy systems, RoMaks Limited ensures your supply chain remains uninterrupted, affordable, and efficient. We are more than a supplier — we are a sourcing partner.; For more details, visit our website or contact our team to request a product list, datasheet, or quotation.",,,,RoMaks Limited,"Computer Cable,Semiconductors,Integrated Circuit (IC),Microcontroller,Electrical Plug,Assemblies for Measurement Applications,Electronic Product Ceramic Part,Electrical Wire & Cable,BNC 50 / 75 Coxial Connector,Substrate Material for Microtechnology; RoMaks Limited supplies high-quality electronic components including connectors, PCB spacers, IC sockets, and fasteners for industrial, OEM, and electronics manufacturing applications.; OEM","Computer Cable,Semiconductors,Integrated Circuit (IC),Microcontroller,Electrical Plug,Assemblies for Measurement Applications,Electronic Product Ceramic Part,Electrical Wire & Cable,BNC 50 / 75 Coxial Connector,Substrate Material for Microtechnology; RoMaks Limited supplies high-quality electronic components including connectors, PCB spacers, IC sockets, and fasteners for industrial, OEM, and electronics manufacturing applications.; OEM"
LS280 OSCILLATIONAL GEAR MOTOR,LS280 OSCILLATIONAL GEAR MOTOR,LS280 OSCILLATIONAL GEAR MOTOR,LS280 OSCILLATIONAL GEAR MOTOR,,,https://sourcing-media.hktdc.com/product-original/LS280-20OSCILLATIONAL-20GEAR-20MOTOR/a4599c0ff67b42099515c4e7406639f4; https://sourcing-media.hktdc.com/product-original/LS280-20OSCILLATIONAL-20GEAR-20MOTOR/d75fae1188d84c268ab266b16c759c0e; https://sourcing-media.hktdc.com/product-original/LS280-20OSCILLATIONAL-20GEAR-20MOTOR/cb8e25805932490582615adecb866a64; https://sourcing-media.hktdc.com/product-original/LS280-20OSCILLATIONAL-20GEAR-20MOTOR/a179fea2b8084cacb633acde37de8939; https://sourcing-media.hktdc.com/product-original/LS280-20OSCILLATIONAL-20GEAR-20MOTOR/0af33f6d40bd4f52af683caa4241c6ee; https://sourcing-media.hktdc.com/product-original/LS280-20OSCILLATIONAL-20GEAR-20MOTOR/1edc966da3c14c52b1e3c2878cddd0f1; https://sourcing-media.hktdc.com/product-original/LS280-20OSCILLATIONAL-20GEAR-20MOTOR/ab1581abb7a84ecaa6ff6a77a476a47d; https://sourcing-media.hktdc.com/product-original/LS280-20OSCILLATIONAL-20GEAR-20MOTOR/3b9b6ad638ed41ce870c8effef32111b; https://sourcing-media.hktdc.com/product-original/LS280-20OSCILLATIONAL-20GEAR-20MOTOR/29779aa2fb3c4d08b9fb3eebc7fb0f5c,Connaught (HK) Limited,"Motors, Actuator; the main products are permanent magnet DC motors, miniature geared motors, miniature pumps and valves, etc.The products are widely used in smart home, smart door lock, personal care, artificial intelligence, automobile model aircraft, adult products.; Others, OBM, ODM, OEM","Motors, Actuator; the main products are permanent magnet DC motors, miniature geared motors, miniature pumps and valves, etc.The products are widely used in smart home, smart door lock, personal care, artificial intelligence, automobile model aircraft, adult products.; Others, OBM, ODM, OEM"
Cartridge heater,Cartridge heater,"Heating element , boilers, deep fryer, warm pads","Heating element , boilers, deep fryer, warm pads",,,,SJHI Co. Limited,"Resistor, Manufacturing & Industrial Engineering, Insulating Element; All kinds of tubular  heating elements for household appliance, Commercial  Kitchen equipments,  Insustrial equipments ,  Medical and testing equipments . EV battery heating, .Coffee maker Boilers , Thickflim , Silcone rubber and PI heating elements.; OEM, Others","Resistor, Manufacturing & Industrial Engineering, Insulating Element; All kinds of tubular  heating elements for household appliance, Commercial  Kitchen equipments,  Insustrial equipments ,  Medical and testing equipments . EV battery heating, .Coffee maker Boilers , Thickflim , Silcone rubber and PI heating elements.; OEM, Others"
Claf AC/DC Power Suppliers,Claf AC/DC Power Suppliers,"Claf AC/DC Power Suppliers , DC/DC Converters","Claf AC/DC Power Suppliers , DC/DC Converters",,,,Mobicon Holdings Ltd,"Display Unit & Accessories, Liquid Crystal Display (LCD), Testing Instrument For Electrical / Electronic Product, Electronic Manufacturing Service, Integrated Circuit ( IC ), Assembly & Subsystem ( include PCB Assembly ), Manufacturing & Industrial Engineering, Embedded Systems Assembly / Module, Flat Panel Video Display Technology, Inductor; Clover Display: LCD Manufacturer that provides LCD, TFT and electronic assembly.
LRC: IC, Diodes, Transistors, ESD Protection Devices, MOSFETs
Fluke: Compact, professional electronic test tools.; OEM, ODM","Display Unit & Accessories, Liquid Crystal Display (LCD), Testing Instrument For Electrical / Electronic Product, Electronic Manufacturing Service, Integrated Circuit ( IC ), Assembly & Subsystem ( include PCB Assembly ), Manufacturing & Industrial Engineering, Embedded Systems Assembly / Module, Flat Panel Video Display Technology, Inductor; Clover Display: LCD Manufacturer that provides LCD, TFT and electronic assembly.
LRC: IC, Diodes, Transistors, ESD Protection Devices, MOSFETs
Fluke: Compact, professional electronic test tools.; OEM, ODM"
11inch TFT LCM,11inch TFT LCM,11inch TFT LCM,11inch TFT LCM,,,,"Easttop Display Co., Limited","Liquid Crystal Display (LCD); We have advanced Mono-LCD, COB, COG, CTP&OCA bonding, BLU assembling, SMT and OEM equipment which can produce all types of mono LCD, mono modules (including COB type and COG type), CTP, BLU as well as TFT modules, OLED modules, E-paper and OEM.; ODM, OEM","Liquid Crystal Display (LCD); We have advanced Mono-LCD, COB, COG, CTP&OCA bonding, BLU assembling, SMT and OEM equipment which can produce all types of mono LCD, mono modules (including COB type and COG type), CTP, BLU as well as TFT modules, OLED modules, E-paper and OEM.; ODM, OEM"
tact switch (TC-1106),tact switch (TC-1106),"ITEM; PERFORMANCE; Title; TACT SWITCH; Model; TC-1106; Rating; 50mA 12V DC; ContactResistance(mohms); 100mΩ max; Insulation Resistanc(Mohms); 100mΩ min at 100V DC; Dielectric Strength(V); AC 250V for 1 min; LifeTest; 100,000 Cycles","ITEM; PERFORMANCE; Title; TACT SWITCH; Model; TC-1106; Rating; 50mA 12V DC; ContactResistance(mohms); 100mΩ max; Insulation Resistanc(Mohms); 100mΩ min at 100V DC; Dielectric Strength(V); AC 250V for 1 min; LifeTest; 100,000 Cycles",,,,Kwan Da Electronic (HK) Limited,"Reed Switch, Keyboard (Excl. Computer Keyboard); Our company is established in 1989 and has more than 30 years of production experience in the electrical switch and jacks industry.
So far, we have cooperated long-term with many companies.; Others","Reed Switch, Keyboard (Excl. Computer Keyboard); Our company is established in 1989 and has more than 30 years of production experience in the electrical switch and jacks industry.
So far, we have cooperated long-term with many companies.; Others"
CYF1(14F) RELAY,CYF1(14F) RELAY,"CYF series (CYF1, CYF2, CYF3), the product market is also called 14F series, the contact load is divided into 5A, 10A, 16A, the main; application markets are: home appliance audio, water pump switches, industrial control instruments, entertainment equipment","CYF series (CYF1, CYF2, CYF3), the product market is also called 14F series, the contact load is divided into 5A, 10A, 16A, the main; application markets are: home appliance audio, water pump switches, industrial control instruments, entertainment equipment",,,https://sourcing-media.hktdc.com/product-original/CYF1-14F-20RELAY/75a45b35d6004a258c87edfa1c8d04dd; https://sourcing-media.hktdc.com/product-original/CYF1-14F-20RELAY/e5d1e68f029a44a1885cf281a9fab154; https://sourcing-media.hktdc.com/product-original/CYF1-14F-20RELAY/1b868d725f4e4901bbe58f0c5a88cd64,Ningbo Yinzhou Chengyuan Electronic Device Factory,"Medical Analytical / Testing Instrument & Equipment, Integrated Circuit ( IC ), Relay, Industrial Testing Instrument & Equipment, Manufacturing & Industrial Engineering, Reed Switch, Assembly & Subsystem ( include PCB Assembly ), Testing Instrument For Electrical / Electronic Product, Printed Circuit Board (PCB), Electronic Manufacturing Service; Industrial control relay CY49F series; Magnetic holding relay: CYF-S, CYA-S series, reed relay SIP SR, SIPHV; High voltage dry spring relay CYHVR, CYHV series, universal relay CYF series, T73 series, CY11F series, communication relay, 4100/4100 serie; OBM","Medical Analytical / Testing Instrument & Equipment, Integrated Circuit ( IC ), Relay, Industrial Testing Instrument & Equipment, Manufacturing & Industrial Engineering, Reed Switch, Assembly & Subsystem ( include PCB Assembly ), Testing Instrument For Electrical / Electronic Product, Printed Circuit Board (PCB), Electronic Manufacturing Service; Industrial control relay CY49F series; Magnetic holding relay: CYF-S, CYA-S series, reed relay SIP SR, SIPHV; High voltage dry spring relay CYHVR, CYHV series, universal relay CYF series, T73 series, CY11F series, communication relay, 4100/4100 serie; OBM"
22mm Push Button Switch,22mm Push Button Switch,22mm Push Button Switch,22mm Push Button Switch,,,,"Yueqing Aibeiken Electric Co., Ltd.","Assemblies for Measurement Applications, Electrical Wire & Cable, Manufacturing & Industrial Engineering, DDI & Other Network Technology Components Assemblies, Insulating Element, Electrical Plug, Signal Influencing Components, Information and Communications Technology; Push Button switch, micro switch, Rocker switch, Toggle switch tact switch, signal light, alarm light, power switch, Dip switch, rotary switch, push switch, electronic lock, car switch, USB car charger, fuse holder, overload protection circuit breake; OBM, OEM","Assemblies for Measurement Applications, Electrical Wire & Cable, Manufacturing & Industrial Engineering, DDI & Other Network Technology Components Assemblies, Insulating Element, Electrical Plug, Signal Influencing Components, Information and Communications Technology; Push Button switch, micro switch, Rocker switch, Toggle switch tact switch, signal light, alarm light, power switch, Dip switch, rotary switch, push switch, electronic lock, car switch, USB car charger, fuse holder, overload protection circuit breake; OBM, OEM"
LCD module,LCD module,"Featured are high quality LCD modules in assorted sizes and shapes. They come with segment, character and graphic display types. These LCD modules are perfect for use in different portable audio devices such as MP3 and recording devices.","Featured are high quality LCD modules in assorted sizes and shapes. They come with segment, character and graphic display types. These LCD modules are perfect for use in different portable audio devices such as MP3 and recording devices.",,,,Rcl Display Limited,"Liquid Crystal Display (LCD); We are capable to produce wide ranges of products with different technology including TN, HTN, STN, FSTN, DFSTN, ASTN, DSTN, EBTN in COB, COG and TAB. We can build LED backlights and TFT products with capacitive touch panels and resistive touch panel; ODM, OEM","Liquid Crystal Display (LCD); We are capable to produce wide ranges of products with different technology including TN, HTN, STN, FSTN, DFSTN, ASTN, DSTN, EBTN in COB, COG and TAB. We can build LED backlights and TFT products with capacitive touch panels and resistive touch panel; ODM, OEM"
UTC-047,UTC-047,USB connector can apply in all different kind of electronic device and equipment. This USB also waterproof which is IP68,USB connector can apply in all different kind of electronic device and equipment. This USB also waterproof which is IP68,,,,See-Plus Industrial Limited,"Insulating Element, Mains Power Appliance Outlets, Mains Power Appliance Inlets, DDI & Other Network Technology Components Assemblies, Reed Switch, Electrical Plug; Low Voltage Switches, Jacks, Sockets and USB Connectors; OEM","Insulating Element, Mains Power Appliance Outlets, Mains Power Appliance Inlets, DDI & Other Network Technology Components Assemblies, Reed Switch, Electrical Plug; Low Voltage Switches, Jacks, Sockets and USB Connectors; OEM"
Power Supply,Power Supply,Power Supply,Power Supply,,,,Surface Mount Technology Ltd.,"Assembly & Subsystem ( include PCB Assembly ), Electronic Manufacturing Service; EMS, PCBA; OEM","Assembly & Subsystem ( include PCB Assembly ), Electronic Manufacturing Service; EMS, PCBA; OEM"
Car Audio Box,Car Audio Box,Car Audio Box,Car Audio Box,,,,AL Goodwell Industries Ltd,"DDI & Other Network Technology Components Assemblies, Manufacturing & Industrial Engineering, Signal Influencing Components, Embedded Systems Assembly / Module, Laboratory Equipment & Supplies, Electronic Product Ceramic Part, Electronic Design on Measurement Technology of Non-Electrical Parameters, Electronic Design on Measurement Technology of Electrical Parameters, Information and Communications Technology, Assemblies for Measurement Applications; Loudspeaker, Mylar Speaker, TV & LCD Speaker & Multimedia Devices, Car Audio, Notebook Speaker, MEMS/SMD Electret Condenser Microphone, Dynamic Receiver, SMD/Magnetic Piezoelectric Buzzer & Transducer, Piezo Ceramic Buzzer Plate, Ultrasonic Sensor; OBM","DDI & Other Network Technology Components Assemblies, Manufacturing & Industrial Engineering, Signal Influencing Components, Embedded Systems Assembly / Module, Laboratory Equipment & Supplies, Electronic Product Ceramic Part, Electronic Design on Measurement Technology of Non-Electrical Parameters, Electronic Design on Measurement Technology of Electrical Parameters, Information and Communications Technology, Assemblies for Measurement Applications; Loudspeaker, Mylar Speaker, TV & LCD Speaker & Multimedia Devices, Car Audio, Notebook Speaker, MEMS/SMD Electret Condenser Microphone, Dynamic Receiver, SMD/Magnetic Piezoelectric Buzzer & Transducer, Piezo Ceramic Buzzer Plate, Ultrasonic Sensor; OBM"
Magnetic head \ FPC \ Coil\Transformer,Magnetic head \ FPC \ Coil\Transformer,Flexible printed circuit board,Flexible printed circuit board,,,,Apollo (H.K.) Electronics Limited,"APOLLO MAIN PRODUCTIONS:
1. Magnetic head and magnetic head assembly for POS machine
2. FPC and FPC assembly by SMT
3. Coils and cables etc.; ODM, OEM","APOLLO MAIN PRODUCTIONS:
1. Magnetic head and magnetic head assembly for POS machine
2. FPC and FPC assembly by SMT
3. Coils and cables etc.; ODM, OEM"
RF/Microwave Capacitors,RF/Microwave Capacitors,"RF/Microwave SMD capacitors designed and manufactured for optimal performance in RF and microwave frequencies, high RF power, and optical applications. Technologies include: industry leading tight tolerance Accu-P® capacitors, ultra-broadband capacitors, single layer capacitors, high power RF capacitors, and high Q/low ESR multilayer ceramic capacitors. These capacitors are suitable for operation across many applications and industries including: consumer, commercial, industrial, telecom, automotive, military, aerospace, space, and medical.","RF/Microwave SMD capacitors designed and manufactured for optimal performance in RF and microwave frequencies, high RF power, and optical applications. Technologies include: industry leading tight tolerance Accu-P® capacitors, ultra-broadband capacitors, single layer capacitors, high power RF capacitors, and high Q/low ESR multilayer ceramic capacitors. These capacitors are suitable for operation across many applications and industries including: consumer, commercial, industrial, telecom, automotive, military, aerospace, space, and medical.",,,,Bipole International (HK) Ltd,"Microcontroller, Resistor, Integrated Circuit ( IC ), Semiconductor, Inductor, Transistor, BNC 50 Ω/ 75 Ω Coxial Connector, Computer Cable, Capacitor, Manufacturing & Industrial Engineering; We have been specializing in an extensive range of passive components such as Capacitors, Resistor, Resonator, Transistor and many more.; ODM, OEM","Microcontroller, Resistor, Integrated Circuit ( IC ), Semiconductor, Inductor, Transistor, BNC 50 Ω/ 75 Ω Coxial Connector, Computer Cable, Capacitor, Manufacturing & Industrial Engineering; We have been specializing in an extensive range of passive components such as Capacitors, Resistor, Resonator, Transistor and many more.; ODM, OEM"
Metal Semiconductor,Metal Semiconductor,Metal Semiconductor,Metal Semiconductor,,,,Fenghua (Hong Kong) Electronics Limited,"Integrated Circuit ( IC ), Resistor, Capacitor, Inductor, Transistor, Semiconductor; Automotive Grade AEC-Q200 / Chip Resistor / Chip Capacitor / Inductor / Varistor / ECAP / Schottky Diode; OEM, Others, ODM","Integrated Circuit ( IC ), Resistor, Capacitor, Inductor, Transistor, Semiconductor; Automotive Grade AEC-Q200 / Chip Resistor / Chip Capacitor / Inductor / Varistor / ECAP / Schottky Diode; OEM, Others, ODM"
"Semiconductor chip test probe head (BeCu,Straight Crown)","Semiconductor chip test probe head (BeCu,Straight Crown)","(1)Semiconductor chip test probe Top Plunger& Bottom Plunger; Pd Alloy： Top plunger,Bottom plunger; BeCu： Top plunger,Bottom plunger; SK4： Top plunger,Bottom plunger; (2)Manufacturing Technology; Compound cutting with high precision CNC automatic lathe.; Heat treatment.; Manufacture of bars and coils of palladium alloys, etc.; Surface finishing.; (3)Special Processing Technology; Ultra-micro machining capability:part OD＞0.02mm.; Micro compound cutting,front and rear end processing.; Micro hole machining,hole ID＞0.10mm.; Mirror surface processing on probe head.; Precision metal alloy drawing,straightening and cutting.","(1)Semiconductor chip test probe Top Plunger& Bottom Plunger; Pd Alloy： Top plunger,Bottom plunger; BeCu： Top plunger,Bottom plunger; SK4： Top plunger,Bottom plunger; (2)Manufacturing Technology; Compound cutting with high precision CNC automatic lathe.; Heat treatment.; Manufacture of bars and coils of palladium alloys, etc.; Surface finishing.; (3)Special Processing Technology; Ultra-micro machining capability:part OD＞0.02mm.; Micro compound cutting,front and rear end processing.; Micro hole machining,hole ID＞0.10mm.; Mirror surface processing on probe head.; Precision metal alloy drawing,straightening and cutting.",,,,"GOLDLINK TECH (HK) CO., LIMITED","Reliability Testing; The products of Hong Kong Golden Connection Technology Co., Ltd. are precious and non-ferrous metal alloy materials used for semiconductor chip test probes and medical products. This includes palladium alloy rods and wires used for semiconductor chip; ODM","Reliability Testing; The products of Hong Kong Golden Connection Technology Co., Ltd. are precious and non-ferrous metal alloy materials used for semiconductor chip test probes and medical products. This includes palladium alloy rods and wires used for semiconductor chip; ODM"
Membrane Switch,Membrane Switch,"Membrane Switch is a user-friendly electro-mechanical switch with its unique graphic printing on the overlay, made up primarily of laminated PET, in which depression of the contact will turn the circuit on and off. Characterized by its functional stability, material lightness and flexibility, the membrane switch commands good potential to tie in customized PCB installation. Moreover, membrane switch is moisture and heat resistant that meets UL 94 flammability and IP 65. - Selective coloring and texture printing and window opening - Choices of tactile effect: polydome or metal dome - EMI, RFI, and ESD shielding available - Choices of backlight: LED, LED panel, EL and light guide film - SMD components mounted on the circuit - Capacitive Membrane Switch","Membrane Switch is a user-friendly electro-mechanical switch with its unique graphic printing on the overlay, made up primarily of laminated PET, in which depression of the contact will turn the circuit on and off. Characterized by its functional stability, material lightness and flexibility, the membrane switch commands good potential to tie in customized PCB installation. Moreover, membrane switch is moisture and heat resistant that meets UL 94 flammability and IP 65. - Selective coloring and texture printing and window opening - Choices of tactile effect: polydome or metal dome - EMI, RFI, and ESD shielding available - Choices of backlight: LED, LED panel, EL and light guide film - SMD components mounted on the circuit - Capacitive Membrane Switch",,,,General Circuit International Limited,"Manufacturing & Industrial Engineering, Assembly & Subsystem ( include PCB Assembly ), Assemblies for Measurement Applications, Keyboard Panel Membrane, Printed Circuit Board (PCB); Keypad solutions provider. Main products: Membrane switch, Touch screen (capacitive & resistive), display cover glass, PCB & FPC with & without SMT & bonding, any rubber keypad & accessory, injection liquid silicon rubber, plastic injection/extrusion; Others, OEM","Manufacturing & Industrial Engineering, Assembly & Subsystem ( include PCB Assembly ), Assemblies for Measurement Applications, Keyboard Panel Membrane, Printed Circuit Board (PCB); Keypad solutions provider. Main products: Membrane switch, Touch screen (capacitive & resistive), display cover glass, PCB & FPC with & without SMT & bonding, any rubber keypad & accessory, injection liquid silicon rubber, plastic injection/extrusion; Others, OEM"
Metal Switch Frame,Metal Switch Frame,Metal Switch Frame,Metal Switch Frame,,,,Golden Resources Metal Industrial Limited,"Electronic Manufacturing Service, Manufacturing & Industrial Engineering; Metal case,CNC products,Painting and printing part; Others","Electronic Manufacturing Service, Manufacturing & Industrial Engineering; Metal case,CNC products,Painting and printing part; Others"
Incell display TS8060HD007-T,Incell display TS8060HD007-T,"The TS8060HD007-T is a TFT-LCD display that can attain a contrast ratio of 1500 and a luminance of 400cd/m². Apart from that, it is adapted to functioning ordinarily within an array of temperature range, encompassing from -25℃ to +70℃. The incell display products offer tactile feedback that is both more precise and rapid.","The TS8060HD007-T is a TFT-LCD display that can attain a contrast ratio of 1500 and a luminance of 400cd/m². Apart from that, it is adapted to functioning ordinarily within an array of temperature range, encompassing from -25℃ to +70℃. The incell display products offer tactile feedback that is both more precise and rapid.",,,,"Hong Kong Seehigh International Transportation Co., Limited","Liquid Crystal Display (LCD); TFT LCD Display,CTP Full Lamination Display,OLED Display,INCELL Display; ODM, OEM","Liquid Crystal Display (LCD); TFT LCD Display,CTP Full Lamination Display,OLED Display,INCELL Display; ODM, OEM"
Aluminum Module,Aluminum Module,"This aluminum module comes in a classical design for added flexibility. The top-quality metal housing is robust and offers an extra-long serving time. This aluminum module is easy and user-friendly to install, maintain and replace.","This aluminum module comes in a classical design for added flexibility. The top-quality metal housing is robust and offers an extra-long serving time. This aluminum module is easy and user-friendly to install, maintain and replace.",,,,Infosmart Group Limited,"Display Unit & Accessories; Aluminum Diecast Items, Zamak Diecast Items, CNC processing, Surface Processing Treatment, Quality Assembly, QA Manufacturing, Plastics Parts, Mobile Table, Injection, Powder Coating, Anodizing, LED lamp, Desktop Light, Tracking Light; ODM, OEM","Display Unit & Accessories; Aluminum Diecast Items, Zamak Diecast Items, CNC processing, Surface Processing Treatment, Quality Assembly, QA Manufacturing, Plastics Parts, Mobile Table, Injection, Powder Coating, Anodizing, LED lamp, Desktop Light, Tracking Light; ODM, OEM"
STRING - Customised Type C To USB 2.0,STRING - Customised Type C To USB 2.0,STRING - Customised Type C To USB 2.0,STRING - Customised Type C To USB 2.0,,,,Linpo Industrial Ltd,"Prototype Making, Electrical Wire & Cable, Production Management, Computer Cable, Electrical Plug, Manufacturing & Industrial Engineering; We specialise in the production of custom cable assembly and wire harness to our client’s requirements. Our production facility combines automation with manual staffing to create the best value for our clients in an efficient manner.; ODM, OBM, OEM","Prototype Making, Electrical Wire & Cable, Production Management, Computer Cable, Electrical Plug, Manufacturing & Industrial Engineering; We specialise in the production of custom cable assembly and wire harness to our client’s requirements. Our production facility combines automation with manual staffing to create the best value for our clients in an efficient manner.; ODM, OBM, OEM"
Capacitive Touchscreen,Capacitive Touchscreen,Industrial Grade Capacitive Touchscreen with or without LCD,Industrial Grade Capacitive Touchscreen with or without LCD,,,,Maxtech Circuit HK Limited,"Manufacturing & Industrial Engineering, Keyboard Panel Membrane; ITO Touchscreens, Capacitive and Resistive,  Membrane Switch Keyboard,
Rubber Keypads, Back-lighting for Membrane Switch Patented China Inventor, Light Force Sensing Switch Keyboard , Assembly of other complex integrated switches; Others","Manufacturing & Industrial Engineering, Keyboard Panel Membrane; ITO Touchscreens, Capacitive and Resistive,  Membrane Switch Keyboard,
Rubber Keypads, Back-lighting for Membrane Switch Patented China Inventor, Light Force Sensing Switch Keyboard , Assembly of other complex integrated switches; Others"
Final Visual inpection for PCBA,Final Visual inpection for PCBA,"Visual inspection is a common method of quality control, by using either or all human senses such as vision, hearing, touch and smell and/or any non-specialized inspection equipment to ensure that the manufactured products being made to meet the quality requirements.","Visual inspection is a common method of quality control, by using either or all human senses such as vision, hearing, touch and smell and/or any non-specialized inspection equipment to ensure that the manufactured products being made to meet the quality requirements.",,,,Mecca Electronics Co. Limited,"Electronic Manufacturing Service, Assembly & Subsystem ( include PCB Assembly ), Printed Circuit Board (PCB); ODM/OEM Electronic Manufacturing Services (EMS) & Customized Product Solutions, Box Builds & Electronics PCB Assemblies, Plastic Injection Parts, Metal Stamping Parts; ODM, OEM","Electronic Manufacturing Service, Assembly & Subsystem ( include PCB Assembly ), Printed Circuit Board (PCB); ODM/OEM Electronic Manufacturing Services (EMS) & Customized Product Solutions, Box Builds & Electronics PCB Assemblies, Plastic Injection Parts, Metal Stamping Parts; ODM, OEM"
"3.97"" TFT LCD Display","3.97"" TFT LCD Display","3.97"" TFT LCD Display","3.97"" TFT LCD Display",,,,Pacific Goal Optronics Limited,Display Unit & Accessories; Display Modules,Display Unit & Accessories; Display Modules
Gear Motor,Gear Motor,Gear Motor,Gear Motor,,,,SGST (HK) Limited,"Motors; Our products are applicable to consumer electronics industry, automotive electronics, security and protection industry, medical health industry ect., which satisfies the demand of the client on the product.; OEM","Motors; Our products are applicable to consumer electronics industry, automotive electronics, security and protection industry, medical health industry ect., which satisfies the demand of the client on the product.; OEM"
High-quality Electronic Components Distribution,High-quality Electronic Components Distribution,"Unitronics offers high-quality electronic component distribution services to help improve your component shortage concerns. Our skilled team has access to a broad array of allocated components through our extensive network of global partners and regionalized distribution points, ensuring that your production runs smoothly. We leverage our considerable buying power with a resilient supply chain to avoid supply chain disruptions and meet your cost targets.","Unitronics offers high-quality electronic component distribution services to help improve your component shortage concerns. Our skilled team has access to a broad array of allocated components through our extensive network of global partners and regionalized distribution points, ensuring that your production runs smoothly. We leverage our considerable buying power with a resilient supply chain to avoid supply chain disruptions and meet your cost targets.",,,,Unitronics Company Limited,"Resistor, Microcontroller, Printed Circuit Board (PCB), Integrated Circuit ( IC ), Capacitor, Assembly & Subsystem ( include PCB Assembly ); We specialize in: 
1) Project management
2) Software, Hardware, Firmware Design & Development
3) Manufacturing Capabilities & Support Services; Others, OBM","Resistor, Microcontroller, Printed Circuit Board (PCB), Integrated Circuit ( IC ), Capacitor, Assembly & Subsystem ( include PCB Assembly ); We specialize in: 
1) Project management
2) Software, Hardware, Firmware Design & Development
3) Manufacturing Capabilities & Support Services; Others, OBM"
0.96 inch tft lcd display,0.96 inch tft lcd display,"The full name of TFT is Thin Film Transistor. Each pixel on TFT display is driven by a thin film transistor, The TFT display is a type of active matrix liquid crystal display device.","The full name of TFT is Thin Film Transistor. Each pixel on TFT display is driven by a thin film transistor, The TFT display is a type of active matrix liquid crystal display device.",,,,Shenzhen HZY Photoelectric Technology Co Ltd,"Flat Panel Display Semi-finished Goods Production, Flat Panel Video Display Technology, Liquid Crystal Display (LCD); LCD display, lcd module; ODM, OEM","Flat Panel Display Semi-finished Goods Production, Flat Panel Video Display Technology, Liquid Crystal Display (LCD); LCD display, lcd module; ODM, OEM"
GPS/WIFI/Bluetooth/Wireless PCBA,GPS/WIFI/Bluetooth/Wireless PCBA,"WIFI PCBA, customized PCB ASSEMBLY; Service Scope; ODM: Include Mechanical design, PCB Layout, Firmware development, APP development and OS development services.; OEM: Include component sourcing and procurement, PCB Fabrication, PCB Assembly, Build of Box Assembly, Function Testing, Aging Testing, Packing and Logistic Services.; DFM(Design For Manufacturing): Feed back customer of circuit layout optimization and component performance optimization requirements.; DFP(Design For Purchasing): Recommend price competitive equivalent or better quality equivalent components.; DFT(Design For Testing): Recommend price competitive testing solution for “high mix, low volume” projects or ATE(Auto-Testing-Equipment) solution for big volume projects.; Test Development Services; In-circuit Test; Function Test; Flying Probe; Burn In & Environment Stress Screening; AOI Test; Automated Test Platform Solutions; X-Ray inspection; Low Volume / High Mix Production; High-Volume Production; Customized Fulfillment Planning & Options; ISO 9001:2015 Certified; ISO 13485:2016 Certified; RoHS Compliant; Compliant to IPC-A-610 Workmanship Standards; UL, CE/FCC, CSA etc Certification Support; Domestic & International Sourcing; Long-Term Collaborative Supplier Relationships; Inventory Management Systems; Strict Counterfeit Prevention Policy; Kanban Manufacturing Programs","WIFI PCBA, customized PCB ASSEMBLY; Service Scope; ODM: Include Mechanical design, PCB Layout, Firmware development, APP development and OS development services.; OEM: Include component sourcing and procurement, PCB Fabrication, PCB Assembly, Build of Box Assembly, Function Testing, Aging Testing, Packing and Logistic Services.; DFM(Design For Manufacturing): Feed back customer of circuit layout optimization and component performance optimization requirements.; DFP(Design For Purchasing): Recommend price competitive equivalent or better quality equivalent components.; DFT(Design For Testing): Recommend price competitive testing solution for “high mix, low volume” projects or ATE(Auto-Testing-Equipment) solution for big volume projects.; Test Development Services; In-circuit Test; Function Test; Flying Probe; Burn In & Environment Stress Screening; AOI Test; Automated Test Platform Solutions; X-Ray inspection; Low Volume / High Mix Production; High-Volume Production; Customized Fulfillment Planning & Options; ISO 9001:2015 Certified; ISO 13485:2016 Certified; RoHS Compliant; Compliant to IPC-A-610 Workmanship Standards; UL, CE/FCC, CSA etc Certification Support; Domestic & International Sourcing; Long-Term Collaborative Supplier Relationships; Inventory Management Systems; Strict Counterfeit Prevention Policy; Kanban Manufacturing Programs",,,,"ABO Electronics (Shenzhen) Co., Ltd.","Our products across ranges of  IoT,Medical Device, Health Care, Industry control , Smart Home , Safety and Security, Communications and Consuming etc.; OEM, ODM","Our products across ranges of  IoT,Medical Device, Health Care, Industry control , Smart Home , Safety and Security, Communications and Consuming etc.; OEM, ODM"
Aikesi gas leak detector,Aikesi gas leak detector,Aikesi gas leak detector,Aikesi gas leak detector,,,https://sourcing-media.hktdc.com/product-original/Aikesi-20gas-20leak-20detector/e94b864939264a70b074b50a173e401c; https://sourcing-media.hktdc.com/product-original/Aikesi-20gas-20leak-20detector/76c3ad96b160447ea57015ffd15a3f73; https://sourcing-media.hktdc.com/product-original/Aikesi-20gas-20leak-20detector/efd5c76ea0154196b99b6f90703f5280; https://sourcing-media.hktdc.com/product-original/Aikesi-20gas-20leak-20detector/c0e8f4c473cd49dbbe719ccec59c2eae,"Aikesi Electronic Technology (changzhou) Co., Ltd.","Sales of electronic components, electrical fire monitoring equipment, firefighting equipment, electrical equipment, instruments and meters, and software.; OBM","Sales of electronic components, electrical fire monitoring equipment, firefighting equipment, electrical equipment, instruments and meters, and software.; OBM"
Instrument lcd screen display Custom VA Icd display,Instrument lcd screen display Custom VA Icd display,Instrument lcd screen display Custom VA Icd display,Instrument lcd screen display Custom VA Icd display,,,,"Anhui Golden Vision Optoelectronic Technology Co., Ltd.","Liquid Crystal Display (LCD), Display Unit & Accessories; technology; ODM, OEM","Liquid Crystal Display (LCD), Display Unit & Accessories; technology; ODM, OEM"
SOCKET,SOCKET,"RATING : 15A 125VAC (UL,CUL); INSULATION RESISTANCE : DC 500V 100MΩ OR MORE","RATING : 15A 125VAC (UL,CUL); INSULATION RESISTANCE : DC 500V 100MΩ OR MORE",,,,"Chily Precision Industrial Co., Ltd.","Reed Switch; POWER SWITCH, SLIDE SWITCH, TOGGLE SWITCH, PUSH SWITCH, DOOR SWITCH, ROTARY SWITCH, SOCKET, INLET.; OBM","Reed Switch; POWER SWITCH, SLIDE SWITCH, TOGGLE SWITCH, PUSH SWITCH, DOOR SWITCH, ROTARY SWITCH, SOCKET, INLET.; OBM"
830 points breadboard,830 points breadboard,830 points breadboard,830 points breadboard,,,,Cixi Zhongyi Electronics Factory,"ASi Key, Integrated Circuit ( IC ), PC Card, DDI & Other Network Technology Components Assemblies; connector  Common solderless; ODM, OBM, OEM","ASi Key, Integrated Circuit ( IC ), PC Card, DDI & Other Network Technology Components Assemblies; connector  Common solderless; ODM, OBM, OEM"
Custom Usb C Qi Wireless Mobile Charger Pcb Assembly Service Manufacturer Type-C Fast Cell Phone Charging Print Circuit Board,Custom Usb C Qi Wireless Mobile Charger Pcb Assembly Service Manufacturer Type-C Fast Cell Phone Charging Print Circuit Board,Custom Usb C Qi Wireless Mobile Charger Pcb Assembly Service Manufacturer Type-C Fast Cell Phone Charging Print Circuit Board,Custom Usb C Qi Wireless Mobile Charger Pcb Assembly Service Manufacturer Type-C Fast Cell Phone Charging Print Circuit Board,,,,Dongguan Pinsheng Precision Electronics Co Limited,"Electronic Manufacturing Service, Printed Circuit Board (PCB), Assembly & Subsystem ( include PCB Assembly ); PCB, CIRCUIT BOARD,PCB BOARD, PCBA; OBM, OEM, ODM","Electronic Manufacturing Service, Printed Circuit Board (PCB), Assembly & Subsystem ( include PCB Assembly ); PCB, CIRCUIT BOARD,PCB BOARD, PCBA; OBM, OEM, ODM"
EVEREST Hard Plastic Equipment Case EPC020,EVEREST Hard Plastic Equipment Case EPC020,EVEREST Hard Plastic Equipment Case EPC020,EVEREST Hard Plastic Equipment Case EPC020,,,https://sourcing-media.hktdc.com/product-original/EVEREST-20Hard-20Plastic-20Equipment-20Case-20EPC020/7e186566247a4ca19207cb806719a62c; https://sourcing-media.hktdc.com/product-original/EVEREST-20Hard-20Plastic-20Equipment-20Case-20EPC020/56cbb871512e4215b8a603759f710b32; https://sourcing-media.hktdc.com/product-original/EVEREST-20Hard-20Plastic-20Equipment-20Case-20EPC020/3625bc371c7842449c1fc35c5d822e3f; https://sourcing-media.hktdc.com/product-original/EVEREST-20Hard-20Plastic-20Equipment-20Case-20EPC020/d4bd402190ef4d529a45fc27a9216c27; https://sourcing-media.hktdc.com/product-original/EVEREST-20Hard-20Plastic-20Equipment-20Case-20EPC020/5446ad6522fc4a9386c8d470c74d3866; https://sourcing-media.hktdc.com/product-original/EVEREST-20Hard-20Plastic-20Equipment-20Case-20EPC020/eb8ce789ffeb4540b0daa8873d52faf7; https://sourcing-media.hktdc.com/product-original/EVEREST-20Hard-20Plastic-20Equipment-20Case-20EPC020/709ff9dfd12845b297813e208af7dc19,"Jiangsu EVEREST Tech Co., Ltd.","Equipment cases, Die-casting enclosures, Plastic waterproof enclosures, Junction boxes, Electrical control box, Breadboard, Jumper wires and Injection moulds, Extrusion moulds.; OEM, ODM","Equipment cases, Die-casting enclosures, Plastic waterproof enclosures, Junction boxes, Electrical control box, Breadboard, Jumper wires and Injection moulds, Extrusion moulds.; OEM, ODM"
电解水机控制器,电解水机控制器,电解水机 净水机水机 软水机 纯水机等家用电器,电解水机 净水机水机 软水机 纯水机等家用电器,,,,"LongSure Electronics Technology Co., Ltd.","UPS / Power Supply, Liquid Crystal Display (LCD), LED Lighting, Information and Communications Technology, Electronic Manufacturing Service, Inductor, Printed Circuit Board (PCB), Integrated Circuit ( IC ), Microcontroller; PowerController; OBM","UPS / Power Supply, Liquid Crystal Display (LCD), LED Lighting, Information and Communications Technology, Electronic Manufacturing Service, Inductor, Printed Circuit Board (PCB), Integrated Circuit ( IC ), Microcontroller; PowerController; OBM"
Junction Box,Junction Box,This junction box features a compact design. It can well conceal electrical connections for both practical and decorative purposes. This highly durable metal box can last an exceptionally long time.,This junction box features a compact design. It can well conceal electrical connections for both practical and decorative purposes. This highly durable metal box can last an exceptionally long time.,,,,"Ningbo New Sanhe Enclosure Co., Ltd.","Integrated Circuit ( IC ), Assemblies for Measurement Applications; Plastic Enclosure; Aluminum Enclosure; Terminal Block; OBM, OEM","Integrated Circuit ( IC ), Assemblies for Measurement Applications; Plastic Enclosure; Aluminum Enclosure; Terminal Block; OBM, OEM"
Mega 2560 Starter Kit with LED Display Module,Mega 2560 Starter Kit with LED Display Module,Mega 2560 Starter Kit with LED Display Module,Mega 2560 Starter Kit with LED Display Module,,,,"Okystar Technology Co., Ltd.","Okystar Tech Co.,Ltd built in 2004.It is one of the professional leading exporters of educational DIY products in Shenzhen, China. After 12 years development, our company has grown into a large high-tech group corporation integrating industry, techn; OEM","Okystar Tech Co.,Ltd built in 2004.It is one of the professional leading exporters of educational DIY products in Shenzhen, China. After 12 years development, our company has grown into a large high-tech group corporation integrating industry, techn; OEM"
Mini Lux Meter,Mini Lux Meter,Mini Lux Meter,Mini Lux Meter,,,,"Shenzhen Flus Technology Co., Ltd.","Testing Instrument For Electrical / Electronic Product, Industrial Testing Instrument & Equipment; Infrared Thermometer, Anemometer, Sound Level Meter, Light Meter; ODM, OBM","Testing Instrument For Electrical / Electronic Product, Industrial Testing Instrument & Equipment; Infrared Thermometer, Anemometer, Sound Level Meter, Light Meter; ODM, OBM"
Electronic Manufacturing Services,Electronic Manufacturing Services,"The electronics manufacturing services(EMS) we provide cover almost the entire product cycle, from electronic design, prototyping, and PCB assembly, to cable and harness assembly, full system integration, product testing, and supply chain management. Our full-service electronic manufacturing services are characterized by superior quality and fast turnaround times, which enable us to meet the various project needs of our customers.","The electronics manufacturing services(EMS) we provide cover almost the entire product cycle, from electronic design, prototyping, and PCB assembly, to cable and harness assembly, full system integration, product testing, and supply chain management. Our full-service electronic manufacturing services are characterized by superior quality and fast turnaround times, which enable us to meet the various project needs of our customers.",,,,"Shenzhen Huachuang hengda Technology Co., Ltd","Printed Circuit Board (PCB), Assembly & Subsystem ( include PCB Assembly ), Electronic Manufacturing Service; PCBA Design and PCBA Assembly; OEM, OBM, ODM","Printed Circuit Board (PCB), Assembly & Subsystem ( include PCB Assembly ), Electronic Manufacturing Service; PCBA Design and PCBA Assembly; OEM, OBM, ODM"
Schottky Barrier Rectifier Diode,Schottky Barrier Rectifier Diode,Schottky Barrier Rectifier Diode,Schottky Barrier Rectifier Diode,,,,Shenzhen Luguang Electronic Technology Co Ltd,"Diode; Diode,Transistor,Bridge rectifier,Triac,Mosfets,IGBT,SiC Diode,SiC Mosfet,Modules; OEM, OBM, ODM","Diode; Diode,Transistor,Bridge rectifier,Triac,Mosfets,IGBT,SiC Diode,SiC Mosfet,Modules; OEM, OBM, ODM"
Cooling Fan,Cooling Fan,Cooling Fan,Cooling Fan,,,,"Shenzhen Yccfan Technology Co., Ltd","Information and Communications Technology, Inverter, Electronic Manufacturing Service, Printed Circuit Board (PCB), Semiconductor, Display Unit & Accessories, DDI & Other Network Technology Components Assemblies, Computer Cable, UPS / Power Supply, MEMS Packaging Technology and Service; Produce DC fan,AC fan,EC fan,provide customized and OEM,ODM services.; OEM, OBM, ODM","Information and Communications Technology, Inverter, Electronic Manufacturing Service, Printed Circuit Board (PCB), Semiconductor, Display Unit & Accessories, DDI & Other Network Technology Components Assemblies, Computer Cable, UPS / Power Supply, MEMS Packaging Technology and Service; Produce DC fan,AC fan,EC fan,provide customized and OEM,ODM services.; OEM, OBM, ODM"
LCR-Reader R3 LCR-meter with Multilingual Interface,LCR-Reader R3 LCR-meter with Multilingual Interface,"LCR-Reader R3 offers users a fully automatic LCR and ESR meter with a 0.1% basic accuracy at up to 100 kHz test frequency. It is the first of its kind tool offering multilingual interface: English, German, French, Spanish, Italian, and Chinese; The R3 uses a different and more powerful MCU than the MPA model, allowing to process measurements at higher frequencies.; The R3 also boasts the ability for Analog Signature Analysis. ASA is a troubleshooting technique that uses an AC Sine Wave across two points of an electronic component or circuit. The resulting waveform is displayed using voltage for the x axis and current as the y axis. The displayed signature is then comparable to determine the health of the tested component or board.; Features on LCR-Reader R3","LCR-Reader R3 offers users a fully automatic LCR and ESR meter with a 0.1% basic accuracy at up to 100 kHz test frequency. It is the first of its kind tool offering multilingual interface: English, German, French, Spanish, Italian, and Chinese; The R3 uses a different and more powerful MCU than the MPA model, allowing to process measurements at higher frequencies.; The R3 also boasts the ability for Analog Signature Analysis. ASA is a troubleshooting technique that uses an AC Sine Wave across two points of an electronic component or circuit. The resulting waveform is displayed using voltage for the x axis and current as the y axis. The displayed signature is then comparable to determine the health of the tested component or board.; Features on LCR-Reader R3",,,,Siborg Systems Inc,"Capacitor, Resistor, Industrial Testing Instrument & Equipment, Module Test/Quality Inspection, Electrical & Electronic Products Testing, System Integration & Development, Testing Instrument For Electrical / Electronic Product, LED Light Emitting Diode, Inductor, Semiconductor; All-in-One Multimeter LCR-Reader MPA
LCR-Reader R2 High Frequency LCR meter
LCR-Reader R3 Budget LCR meter with Multilingual Interface; OEM","Capacitor, Resistor, Industrial Testing Instrument & Equipment, Module Test/Quality Inspection, Electrical & Electronic Products Testing, System Integration & Development, Testing Instrument For Electrical / Electronic Product, LED Light Emitting Diode, Inductor, Semiconductor; All-in-One Multimeter LCR-Reader MPA
LCR-Reader R2 High Frequency LCR meter
LCR-Reader R3 Budget LCR meter with Multilingual Interface; OEM"
Terminal Block,Terminal Block,Terminal Block,Terminal Block,,,,"Tianli Electrical Machinery (Ningbo) Co., Ltd.","Integrated Circuit ( IC ), Manufacturing & Industrial Engineering, Inductor, MEMS Actuator, DDI & Other Network Technology Components Assemblies, Assemblies for Measurement Applications, Motors, Information and Communications Technology, Microcontroller, Production Management; Terminal Blocks/ Connector; Others, ODM, OEM, OBM","Integrated Circuit ( IC ), Manufacturing & Industrial Engineering, Inductor, MEMS Actuator, DDI & Other Network Technology Components Assemblies, Assemblies for Measurement Applications, Motors, Information and Communications Technology, Microcontroller, Production Management; Terminal Blocks/ Connector; Others, ODM, OEM, OBM"
Copper Connecting Terminals(JGK Type),Copper Connecting Terminals(JGK Type),It comes in assorted sizes.; Material; Terminal Body: Copper/Brass; Plating: Tin,It comes in assorted sizes.; Material; Terminal Body: Copper/Brass; Plating: Tin,,,,"Wenzhou Mogen Electric Co., Ltd.","Computer Cable, Electrical Wire & Cable; Terminal blocks and wiring accessories; ODM, Others, OEM","Computer Cable, Electrical Wire & Cable; Terminal blocks and wiring accessories; ODM, Others, OEM"
Electromagnetic Buzzer,Electromagnetic Buzzer,Electromagnetic Buzzer,Electromagnetic Buzzer,,,,"Xinghua HuaYu Electronics Co., Ltd.","Inductor; buzzer; Others, ODM, OBM, OEM","Inductor; buzzer; Others, ODM, OBM, OEM"
"HDR-100-24 Ultra Slim Step-Shape 4SU DIN Rail Power Supply, 24Volt 3.83Amp 92Watt 85 to 264 VAC Input 24 V Output","HDR-100-24 Ultra Slim Step-Shape 4SU DIN Rail Power Supply, 24Volt 3.83Amp 92Watt 85 to 264 VAC Input 24 V Output","HDR-100-24 Ultra Slim Step-Shape 4SU DIN Rail Power Supply, 24Volt 3.83Amp 92Watt 85 to 264 VAC Input 24 V Output","HDR-100-24 Ultra Slim Step-Shape 4SU DIN Rail Power Supply, 24Volt 3.83Amp 92Watt 85 to 264 VAC Input 24 V Output",,,,"Zhejiang Junlin Electric Technology Co., Ltd.","Mains Power Appliance Inlets, Mains Power Appliance Outlets, UPS / Power Supply, Power Transformer, Inverter; LRS Series
MS Series
EDR Series
NDR Series
HDR Series; ODM, OBM, OEM","Mains Power Appliance Inlets, Mains Power Appliance Outlets, UPS / Power Supply, Power Transformer, Inverter; LRS Series
MS Series
EDR Series
NDR Series
HDR Series; ODM, OBM, OEM"
6.35mm Microphone Jack,6.35mm Microphone Jack,6.35mm Microphone Jack,6.35mm Microphone Jack,,,,"Zhejiang Zhengguang Electronics Co., Ltd.","Integrated Circuit ( IC ), Information and Communications Technology, Insulating Element, Electrical Plug, DDI & Other Network Technology Components Assemblies, Electronic Product Ceramic Part, Electrical Wire & Cable, Assemblies for Measurement Applications; MINI DIN Connectors (S terminal), Earphone/microphone Jacks, XLR Connectors, Audio Combo Jacks, Power Jacks, RCA Pin Jacks,WP Push Terminals, SCART Sockets, Switches, Connectors, etc. The Products extensively used for household appliances, Computer,; OEM","Integrated Circuit ( IC ), Information and Communications Technology, Insulating Element, Electrical Plug, DDI & Other Network Technology Components Assemblies, Electronic Product Ceramic Part, Electrical Wire & Cable, Assemblies for Measurement Applications; MINI DIN Connectors (S terminal), Earphone/microphone Jacks, XLR Connectors, Audio Combo Jacks, Power Jacks, RCA Pin Jacks,WP Push Terminals, SCART Sockets, Switches, Connectors, etc. The Products extensively used for household appliances, Computer,; OEM"
DIP SMT Type Electric Switch,DIP SMT Type Electric Switch,"Provide simple and convenient control for electronic devices with this switch. It comes in a compact size and has leads on the sides for easy installation. This switch is available in DIP or SMD style and is available in slide, tact, micro, rocker, push button, and other types.","Provide simple and convenient control for electronic devices with this switch. It comes in a compact size and has leads on the sides for easy installation. This switch is available in DIP or SMD style and is available in slide, tact, micro, rocker, push button, and other types.",,,,United Sources Electronic Components Limited,"Assembly & Subsystem ( include PCB Assembly ), Microcontroller, Integrated Circuit ( IC ), Semiconductor, Memories and Memory Peripheral, Capacitor, Inductor, Transistor, Resistor, Diode; We are an experienced independent distributor of branded electronic components, supporting customers worldwide. Beyond distribution,we specialize in OEM & ODM procurement solutions & offer PCBA,Box Built services to meet diverse manufacturing needs.; ODM, OEM","Assembly & Subsystem ( include PCB Assembly ), Microcontroller, Integrated Circuit ( IC ), Semiconductor, Memories and Memory Peripheral, Capacitor, Inductor, Transistor, Resistor, Diode; We are an experienced independent distributor of branded electronic components, supporting customers worldwide. Beyond distribution,we specialize in OEM & ODM procurement solutions & offer PCBA,Box Built services to meet diverse manufacturing needs.; ODM, OEM"
stainless cable ties,stainless cable ties,stainless cable ties,stainless cable ties,,,https://sourcing-media.hktdc.com/product-original/stainless-20cable-20ties/7d82f2a9cd0048e398da3a54a5c85662,Hong Kong Lung Wah Company Limited,"Insulating Element; NYLON CABLTIES, 3X,4X,5X,8X,9X,13X; OBM","Insulating Element; NYLON CABLTIES, 3X,4X,5X,8X,9X,13X; OBM"
xlr to xlr cable high quality 3m 5m 10m 20m 100m audio mic cable connector profecional 3 pin male to female microphone xlr cable,xlr to xlr cable high quality 3m 5m 10m 20m 100m audio mic cable connector profecional 3 pin male to female microphone xlr cable,"High-Quality Audio Transmission: Our XLR to XLR cable is designed for professional audio applications, ensuring clear and reliable transmission of high-fidelity sound with minimal interference.; Durable Construction: Made with 24-30AWG TC/BC/CCS bare copper conductors, nickel-plated for corrosion resistance, and a durable PVC jacket, this cable can withstand frequent use and harsh environments.; Flexible and Versatile: Available in various lengths (1m, 2m, 3m, 5m, 10m, 20m, 50m, 100m), this cable is suitable for a range of applications, including home theaters, sound consoles, and power amplifiers.; Easy Installation: With a simple male-to-female design and a compact 6mm outer diameter, this cable is easy to install and manage, reducing setup time and hassle.; Customization Options: We offer OEM/ODM support, allowing users to customize the cable to their specific needs, including custom lengths, colors, and branding.","High-Quality Audio Transmission: Our XLR to XLR cable is designed for professional audio applications, ensuring clear and reliable transmission of high-fidelity sound with minimal interference.; Durable Construction: Made with 24-30AWG TC/BC/CCS bare copper conductors, nickel-plated for corrosion resistance, and a durable PVC jacket, this cable can withstand frequent use and harsh environments.; Flexible and Versatile: Available in various lengths (1m, 2m, 3m, 5m, 10m, 20m, 50m, 100m), this cable is suitable for a range of applications, including home theaters, sound consoles, and power amplifiers.; Easy Installation: With a simple male-to-female design and a compact 6mm outer diameter, this cable is easy to install and manage, reducing setup time and hassle.; Customization Options: We offer OEM/ODM support, allowing users to customize the cable to their specific needs, including custom lengths, colors, and branding.",,,,"Kai Bo Electronics Technology Co., Limited","Electrical Wire & Cable; We manufacture premium cable solutions for diverse industries, including industrial & medical cable assemblies, robotic harnesses, high-frequency/speed cables, and custom electrical systems.; OEM","Electrical Wire & Cable; We manufacture premium cable solutions for diverse industries, including industrial & medical cable assemblies, robotic harnesses, high-frequency/speed cables, and custom electrical systems.; OEM"
Industrial PCBA,Industrial PCBA,"PCBA application aerospace electronics is a special product of PCBASIC, which is used a lot in our country。 As a leading PCB manufacturer in China, PCBasic provides one-stop PCB manufacturing services from raw material and electronic component procurement to in-house PCB manufacturing. We provide PCB assembly, testing, and shipping as well.","PCBA application aerospace electronics is a special product of PCBASIC, which is used a lot in our country。 As a leading PCB manufacturer in China, PCBasic provides one-stop PCB manufacturing services from raw material and electronic component procurement to in-house PCB manufacturing. We provide PCB assembly, testing, and shipping as well.",,,,"JS Technology Co., Ltd.","Printed Circuit Board (PCB), Electronic Manufacturing Service, Assembly & Subsystem ( include PCB Assembly ); PCbasic; OEM, ODM, OBM, Others","Printed Circuit Board (PCB), Electronic Manufacturing Service, Assembly & Subsystem ( include PCB Assembly ); PCbasic; OEM, ODM, OBM, Others"
HLS-CMA3,HLS-CMA3,"40A,5PINS,automotive relay","40A,5PINS,automotive relay",,,,"Ningbo Helishun Electron Co., Ltd.","relay,relay socket; ODM, OEM","relay,relay socket; ODM, OEM"
RELAYS,RELAYS,● High sensitivity with 220mW power consumption ● 10A switching capability ● Dielectric strength of 5kV between coil and contacts ● Plastic sealed and flux proofed types available ● Product in accordance to IEC60335-1 available ● Low height: 12.5mm ● RoHS Compliant,● High sensitivity with 220mW power consumption ● 10A switching capability ● Dielectric strength of 5kV between coil and contacts ● Plastic sealed and flux proofed types available ● Product in accordance to IEC60335-1 available ● Low height: 12.5mm ● RoHS Compliant,,,,Ningbo Forward Relay Corporation Limited,"Relays; ODM, OEM, Others, OBM","Relays; ODM, OEM, Others, OBM"
SMD LED Display,SMD LED Display,SMD LED Display,SMD LED Display,,,,"Ningbo Hualian Electronic Science & Technology Co., Ltd.","Liquid Crystal Display (LCD), LED Light Emitting Diode; seven segment led display touching display integration customized led display; ODM","Liquid Crystal Display (LCD), LED Light Emitting Diode; seven segment led display touching display integration customized led display; ODM"
Transformer Terminal Block,Transformer Terminal Block,Transformer Terminal Block,Transformer Terminal Block,,,,"Ningbo Xinlaiya Electronic Tech. Co. , Ltd.","MEMS Actuator, Electrical Plug, RF MEMS, Computer Cable, Logic Circuits, DDI & Other Network Technology Components Assemblies, Electrical Wire & Cable, Signal Influencing Components, Microcontroller, Integrated Circuit ( IC ); Our company make development,production,sale together.Import some professionals,and constancely perfecting managing system,. Now the company has more than 350 employees and 50 professionals.; OEM, OBM, ODM","MEMS Actuator, Electrical Plug, RF MEMS, Computer Cable, Logic Circuits, DDI & Other Network Technology Components Assemblies, Electrical Wire & Cable, Signal Influencing Components, Microcontroller, Integrated Circuit ( IC ); Our company make development,production,sale together.Import some professionals,and constancely perfecting managing system,. Now the company has more than 350 employees and 50 professionals.; OEM, OBM, ODM"
Terminal Block,Terminal Block,"This is a terminal block in a feed-through style. With multiple heads, this terminal block operates on a high power of 750V. This durable terminal block works under a wide temperature range.","This is a terminal block in a feed-through style. With multiple heads, this terminal block operates on a high power of 750V. This durable terminal block works under a wide temperature range.",,,,"Ningbo Zhongbo Photovoltaic Technology Co., Ltd.","Electrical Wire & Cable, Electrical & Electronic Products Testing, Testing Instrument For Electrical / Electronic Product, Assembly & Subsystem ( include PCB Assembly ), Electronic Manufacturing Service, DDI & Other Network Technology Components Assemblies, Manufacturing & Industrial Engineering, Assemblies for Measurement Applications; PCB connector, Terminal blocks,Flat cable,Switch; ODM, OEM, OBM","Electrical Wire & Cable, Electrical & Electronic Products Testing, Testing Instrument For Electrical / Electronic Product, Assembly & Subsystem ( include PCB Assembly ), Electronic Manufacturing Service, DDI & Other Network Technology Components Assemblies, Manufacturing & Industrial Engineering, Assemblies for Measurement Applications; PCB connector, Terminal blocks,Flat cable,Switch; ODM, OEM, OBM"
High-power LED,High-power LED,High brightness * high power * decorative lighting,High brightness * high power * decorative lighting,,,,"Shenzhen Chengxing Electronic Technology Co., Ltd.","LED Lighting, Liquid Crystal Display (LCD), LED Light Emitting Diode; Shenzhen Chengxing Optoelectronics Technology Co., Ltd. is a high-tech enterprise integrating research and development, production, sales, and service. It has its own brand ""XINGLIGHT"" and was established in 2012. It has modern research and developme; OBM, OEM","LED Lighting, Liquid Crystal Display (LCD), LED Light Emitting Diode; Shenzhen Chengxing Optoelectronics Technology Co., Ltd. is a high-tech enterprise integrating research and development, production, sales, and service. It has its own brand ""XINGLIGHT"" and was established in 2012. It has modern research and developme; OBM, OEM"
Metal Oxide Varistor,Metal Oxide Varistor,Metal Oxide Varistor,Metal Oxide Varistor,,,,"Shenzhen Socay Electronics Co., Ltd.","Transistor, Integrated Circuit ( IC ), Capacitor, Electronic Product Ceramic Part, Manufacturing & Industrial Engineering, Semiconductor; Ceramic gas discharge tube,IC,voltage suppressor,current suppressor,diodes,EMC components; ODM, OEM, OBM","Transistor, Integrated Circuit ( IC ), Capacitor, Electronic Product Ceramic Part, Manufacturing & Industrial Engineering, Semiconductor; Ceramic gas discharge tube,IC,voltage suppressor,current suppressor,diodes,EMC components; ODM, OEM, OBM"
Magnetic Buzzer,Magnetic Buzzer,Magnetic Buzzer,Magnetic Buzzer,,,,"Universal (Changzhou) Electronics Co., Ltd.","Electronic Product Ceramic Part; Buzzer,Speaker,Receiver,Microphone; OEM, Others","Electronic Product Ceramic Part; Buzzer,Speaker,Receiver,Microphone; OEM, Others"
Power Thyristor,Power Thyristor,Power Thyristor,Power Thyristor,,,,Yangzhou Positioning Tech Co Ltd,"Transistor, Semiconductor, Capacitor, Resistor; THYRISTOR,transistor,IGBT,Module,Bridge Rectifier; OBM, OEM","Transistor, Semiconductor, Capacitor, Resistor; THYRISTOR,transistor,IGBT,Module,Bridge Rectifier; OBM, OEM"
Push Button Switch,Push Button Switch,Push Button Switch,Push Button Switch,,,,"Yueqing Yulin Electronic Co., Ltd.","Reed Switch; Filn 
Push button switch, Indicator light,Rocker switch, Toggle switch; OEM, ODM, OBM","Reed Switch; Filn 
Push button switch, Indicator light,Rocker switch, Toggle switch; OEM, ODM, OBM"
Automotive Relay,Automotive Relay,Automotive Relay,Automotive Relay,,,,"Zhejiang HKE Relay Co., Ltd.","Relay; HKE Relay/Electromagnetic relays-Signal relays,Power relays,Automotive Relays and Latching relays/Relay manufacturing,Relay marketing; Others","Relay; HKE Relay/Electromagnetic relays-Signal relays,Power relays,Automotive Relays and Latching relays/Relay manufacturing,Relay marketing; Others"
