NAME_KR,NAME_EN,COUNTRY,INTRO_KR,INTRO_EN,WEBSITE,PARTICIPATION_TYPE,EXHIBITION_NAME_EN,BOOTH_NAME,HALL_NAME,PAVILION_NAME,FLOOR,X_COORD,Y_COORD,INDUSTRY_NAME_KR,INDUSTRY_NAME_EN,DETAIL_URL,PRODUCT_COUNT,PRODUCT_LIST
Gifvinn Watch Co Limited,Gifvinn Watch Co Limited,Hong Kong,"Skeleton Mechanical Watch,Mechanical Hands & Digital Watch,Quartz Analogue Watch,Brandname Watch,Designer Watch,Mens Watch","Skeleton Mechanical Watch,Mechanical Hands & Digital Watch,Quartz Analogue Watch,Brandname Watch,Designer Watch,Mens Watch",,Exhibitor,Salon de TIME 2025,3F-B07,Salon de TIME - Craft Treasure,,1,,,"Skeleton Mechanical Watch,Mechanical Hands & Digital Watch,Quartz Analogue Watch,Brandname Watch,Designer Watch,Mens Watch; Watch design & manufacturing; ODM, OEM","Skeleton Mechanical Watch,Mechanical Hands & Digital Watch,Quartz Analogue Watch,Brandname Watch,Designer Watch,Mens Watch; Watch design & manufacturing; ODM, OEM",https://www.hktdc.com/event/te/en/exhibitor/1S005OJ8T,2,https://www.hktdc.com/event/te/en/product/1Z03OAMAK; https://www.hktdc.com/event/te/en/product/1Z03OAMAK
Memorigin Watch Company Limited,Memorigin Watch Company Limited,Hong Kong,"Being the first Hong Kong brand that specializes in tourbillon, Memorigin integrates marvelous oriental arts and top western watchmaking sklls to produce tourbillon watches with prominent cultural features. The name Memorigin is a combination of ""memorial"" and ""original"". It is hoped that each watch can ignite inspiration and courage to seize opportunities, conquer challenges and realize dreams, creating infinite miracles ahead.","Being the first Hong Kong brand that specializes in tourbillon, Memorigin integrates marvelous oriental arts and top western watchmaking sklls to produce tourbillon watches with prominent cultural features. The name Memorigin is a combination of ""memorial"" and ""original"". It is hoped that each watch can ignite inspiration and courage to seize opportunities, conquer challenges and realize dreams, creating infinite miracles ahead.",,Exhibitor,Salon de TIME 2025,3F-C03,Salon de TIME - Craft Treasure,,1,,,"Skeleton Mechanical Watch,Ladies Watch,Brandname Watch,Designer Watch,Mens Watch; Being the first Hong Kong brand that specializes in tourbillon watches, Memorigin integrates marvelous oriental arts and top western watchmaking skills to produce tourbillon watches with prominent cultural features.; OBM","Skeleton Mechanical Watch,Ladies Watch,Brandname Watch,Designer Watch,Mens Watch; Being the first Hong Kong brand that specializes in tourbillon watches, Memorigin integrates marvelous oriental arts and top western watchmaking skills to produce tourbillon watches with prominent cultural features.; OBM",https://www.hktdc.com/event/te/en/exhibitor/1S005OJYN,2,https://www.hktdc.com/event/te/en/product/1X25WB03; https://www.hktdc.com/event/te/en/product/1X25WB03
"Guangdong Starking Intelligent Technology Co., Ltd","Guangdong Starking Intelligent Technology Co., Ltd",Chinese Mainland,"Digital Watch,Skeleton Mechanical Watch,Quartz Analogue Watch,Diver Watch,Sports Timer Watch,Chronograph Watch,Ladies Watch,Brandname Watch,Designer Watch,Mens Watch,Watch Movement,Promotional Watch","Digital Watch,Skeleton Mechanical Watch,Quartz Analogue Watch,Diver Watch,Sports Timer Watch,Chronograph Watch,Ladies Watch,Brandname Watch,Designer Watch,Mens Watch,Watch Movement,Promotional Watch",,Exhibitor,Salon de TIME 2025,3F-B02,Salon de TIME - Craft Treasure,,1,,,"Digital Watch,Skeleton Mechanical Watch,Quartz Analogue Watch,Diver Watch,Sports Timer Watch,Chronograph Watch,Ladies Watch,Brandname Watch,Designer Watch,Mens Watch,Watch Movement,Promotional Watch; watch/Automatic mechanical watch/Quartz watch/tourbillon; ODM, OBM, OEM, Others","Digital Watch,Skeleton Mechanical Watch,Quartz Analogue Watch,Diver Watch,Sports Timer Watch,Chronograph Watch,Ladies Watch,Brandname Watch,Designer Watch,Mens Watch,Watch Movement,Promotional Watch; watch/Automatic mechanical watch/Quartz watch/tourbillon; ODM, OBM, OEM, Others",https://www.hktdc.com/event/te/en/exhibitor/1S005OJQB,2,https://www.hktdc.com/event/te/en/product/1Z03O80JF; https://www.hktdc.com/event/te/en/product/1Z03O80JF
AWC International Limited,AWC International Limited,Hong Kong,"Digital Watch,Skeleton Mechanical Watch,24 Hour Dial Mechanical Watch,Quartz Analogue Watch,Ladies Watch,Brandname Watch,Mens Watch,Smart Watch,Bluetooth Smart Watch","Digital Watch,Skeleton Mechanical Watch,24 Hour Dial Mechanical Watch,Quartz Analogue Watch,Ladies Watch,Brandname Watch,Mens Watch,Smart Watch,Bluetooth Smart Watch",,Exhibitor,Salon de TIME 2025,3G-A02,Salon de TIME - Chic & Trendy,,1,,,"Digital Watch,Skeleton Mechanical Watch,24 Hour Dial Mechanical Watch,Quartz Analogue Watch,Ladies Watch,Brandname Watch,Mens Watch,Smart Watch,Bluetooth Smart Watch; Our products are the leaders of the industry in ""BaselWorld Watch and Jewelry Fair & Hong Kong Watch Fair""; Others","Digital Watch,Skeleton Mechanical Watch,24 Hour Dial Mechanical Watch,Quartz Analogue Watch,Ladies Watch,Brandname Watch,Mens Watch,Smart Watch,Bluetooth Smart Watch; Our products are the leaders of the industry in ""BaselWorld Watch and Jewelry Fair & Hong Kong Watch Fair""; Others",https://www.hktdc.com/event/te/en/exhibitor/1S005OJDE,2,https://www.hktdc.com/event/te/en/product/1X1XHCZ1; https://www.hktdc.com/event/te/en/product/1X1XHCZ1
Dayton Industrial Co Ltd,Dayton Industrial Co Ltd,Hong Kong,"Mechanical Hands & Digital Watch,Chronograph Watch,Ladies Watch,Brandname Watch,Designer Watch,Kids Watch,Mens Watch,Smart Watch,Bluetooth Smart Watch","Mechanical Hands & Digital Watch,Chronograph Watch,Ladies Watch,Brandname Watch,Designer Watch,Kids Watch,Mens Watch,Smart Watch,Bluetooth Smart Watch",,Exhibitor,Salon de TIME 2025,3F-E03,Salon de TIME - Wearable Tech,,1,,,"Mechanical Hands & Digital Watch,Chronograph Watch,Ladies Watch,Brandname Watch,Designer Watch,Kids Watch,Mens Watch,Smart Watch,Bluetooth Smart Watch; Link2Care is an innovative collaborative alliance focused on developing a mass-manufacturable wireless ecosystem for wearable technology, enhancing interoperability and user experience in health and safety monitoring.; ODM, OBM, OEM","Mechanical Hands & Digital Watch,Chronograph Watch,Ladies Watch,Brandname Watch,Designer Watch,Kids Watch,Mens Watch,Smart Watch,Bluetooth Smart Watch; Link2Care is an innovative collaborative alliance focused on developing a mass-manufacturable wireless ecosystem for wearable technology, enhancing interoperability and user experience in health and safety monitoring.; ODM, OBM, OEM",https://www.hktdc.com/event/te/en/exhibitor/1S005OYY8,2,https://www.hktdc.com/event/te/en/product/1Z03MPO26; https://www.hktdc.com/event/te/en/product/1Z03MPO26
Tsinlien Sea Gull Company Limited,Tsinlien Sea Gull Company Limited,Hong Kong,"Digital Watch,Skeleton Mechanical Watch,Mechanical Hands & Digital Watch,24 Hour Dial Mechanical Watch,Pendant Watch,Quartz Analogue Watch,Radio Control Watch,Diver Watch,Sports Timer Watch,Chronograph Watch,Jewelled-lever Automatic Watch,Pilot Watch,Solar Watch,Ladies Watch,Brandname Watch,Designer Watch,Kids Watch,Mens Watch,Moon Phase Mechanical Watch,Promotional Watch,Smart Watch,Bluetooth Smart Watch","Digital Watch,Skeleton Mechanical Watch,Mechanical Hands & Digital Watch,24 Hour Dial Mechanical Watch,Pendant Watch,Quartz Analogue Watch,Radio Control Watch,Diver Watch,Sports Timer Watch,Chronograph Watch,Jewelled-lever Automatic Watch,Pilot Watch,Solar Watch,Ladies Watch,Brandname Watch,Designer Watch,Kids Watch,Mens Watch,Moon Phase Mechanical Watch,Promotional Watch,Smart Watch,Bluetooth Smart Watch",,Exhibitor,Salon de TIME 2025,3F-D01,Salon de TIME - Craft Treasure,,1,,,"Digital Watch,Skeleton Mechanical Watch,Mechanical Hands & Digital Watch,24 Hour Dial Mechanical Watch,Pendant Watch,Quartz Analogue Watch,Radio Control Watch,Diver Watch,Sports Timer Watch,Chronograph Watch,Jewelled-lever Automatic Watch,Pilot Watch,Solar Watch,Ladies Watch,Brandname Watch,Designer Watch,Kids Watch,Mens Watch,Moon Phase Mechanical Watch,Promotional Watch,Smart Watch,Bluetooth Smart Watch; Fosun Watch Group, a leading Chinese watch group, marked the 70th anniversary of China's watchmaking heritage by presenting its brands, SEAGULL and SHANGHAI Watch, at the exhibition, featuring 70th-anniversary creations and historical storytelling.; ODM, OEM, OBM","Digital Watch,Skeleton Mechanical Watch,Mechanical Hands & Digital Watch,24 Hour Dial Mechanical Watch,Pendant Watch,Quartz Analogue Watch,Radio Control Watch,Diver Watch,Sports Timer Watch,Chronograph Watch,Jewelled-lever Automatic Watch,Pilot Watch,Solar Watch,Ladies Watch,Brandname Watch,Designer Watch,Kids Watch,Mens Watch,Moon Phase Mechanical Watch,Promotional Watch,Smart Watch,Bluetooth Smart Watch; Fosun Watch Group, a leading Chinese watch group, marked the 70th anniversary of China's watchmaking heritage by presenting its brands, SEAGULL and SHANGHAI Watch, at the exhibition, featuring 70th-anniversary creations and historical storytelling.; ODM, OEM, OBM",https://www.hktdc.com/event/te/en/exhibitor/1S005OK7V,2,https://www.hktdc.com/event/te/en/product/1Z03O8SO8; https://www.hktdc.com/event/te/en/product/1Z03O8SO8
Dailywin Watch Products Mfg Ltd,Dailywin Watch Products Mfg Ltd,Hong Kong,"Dailywin Watch Products Manufacturing Limited, a watch manufacturing company originated in Hong Kong. Its headquarters is located in Hong Kong and factory in China. It was founded in 1978 by Mr. Leung Wai Ho, Eddie. Dailywin is one of the most reputable watch manufacturing companies in Hong Kong. Throughout 45 years of development, Dailywin Group has become a diversified enterprise, competent to design, strong R&D team support, smart manufacturing which lead to produce premium watches and have the global partners operating in more than 10 countries around the world. Dongguan Dailywin watch factory was set up in 1989 and located in Fenggang Town, Dongguan China, it has a land area of 18,500 sqm. where factory buildings are wholly company owned. It employs 700+ well trained and highly qualified watch professionals, average annual capacity of 4 million pieces of finished watches and over 700,000 pieces of Swiss brand premium watch kits as well as over 800,000 pieces of fashion jewelry and accessories. In 2013, Dailywin created an industrial center with 23,000 sqm. where R&D and Supply Chain Management and its component vendors’ factories are located under one roof with close proximity to the assembly factory for easy communication and quick problem resolution.","Dailywin Watch Products Manufacturing Limited, a watch manufacturing company originated in Hong Kong. Its headquarters is located in Hong Kong and factory in China. It was founded in 1978 by Mr. Leung Wai Ho, Eddie. Dailywin is one of the most reputable watch manufacturing companies in Hong Kong. Throughout 45 years of development, Dailywin Group has become a diversified enterprise, competent to design, strong R&D team support, smart manufacturing which lead to produce premium watches and have the global partners operating in more than 10 countries around the world. Dongguan Dailywin watch factory was set up in 1989 and located in Fenggang Town, Dongguan China, it has a land area of 18,500 sqm. where factory buildings are wholly company owned. It employs 700+ well trained and highly qualified watch professionals, average annual capacity of 4 million pieces of finished watches and over 700,000 pieces of Swiss brand premium watch kits as well as over 800,000 pieces of fashion jewelry and accessories. In 2013, Dailywin created an industrial center with 23,000 sqm. where R&D and Supply Chain Management and its component vendors’ factories are located under one roof with close proximity to the assembly factory for easy communication and quick problem resolution.",,Exhibitor,Salon de TIME 2025,3F-D02,Salon de TIME - Craft Treasure,,1,,,"Skeleton Mechanical Watch,Pendant Watch,Quartz Analogue Watch,Chronograph Watch,Jewelled-lever Automatic Watch,Ladies Watch,Brandname Watch,Designer Watch,Mens Watch,Moon Phase Mechanical Watch,Promotional Watch,Smart Watch; SAGA Watches have set trends and earned major market share by Chinese consumers. To date, SAGA is recognized by its unique watch design and reliable quality making it the top choice as gift watch for the Chinese domestic consumer market.; ODM, OEM","Skeleton Mechanical Watch,Pendant Watch,Quartz Analogue Watch,Chronograph Watch,Jewelled-lever Automatic Watch,Ladies Watch,Brandname Watch,Designer Watch,Mens Watch,Moon Phase Mechanical Watch,Promotional Watch,Smart Watch; SAGA Watches have set trends and earned major market share by Chinese consumers. To date, SAGA is recognized by its unique watch design and reliable quality making it the top choice as gift watch for the Chinese domestic consumer market.; ODM, OEM",https://www.hktdc.com/event/te/en/exhibitor/1S005OJBK,2,https://www.hktdc.com/event/te/en/product/1Z03JICEI; https://www.hktdc.com/event/te/en/product/1Z03JICEI
Sun International Concepts Limited,Sun International Concepts Limited,Hong Kong,"Skeleton Mechanical Watch,24 Hour Dial Mechanical Watch,Brandname Watch,Mens Watch","Skeleton Mechanical Watch,24 Hour Dial Mechanical Watch,Brandname Watch,Mens Watch",,Exhibitor,Salon de TIME 2025,3F-D03,Salon de TIME - Craft Treasure,,1,,,"Skeleton Mechanical Watch,24 Hour Dial Mechanical Watch,Brandname Watch,Mens Watch; We will provide later; Others","Skeleton Mechanical Watch,24 Hour Dial Mechanical Watch,Brandname Watch,Mens Watch; We will provide later; Others",https://www.hktdc.com/event/te/en/exhibitor/1S005OJVW,2,https://www.hktdc.com/event/te/en/product/1Z03O98SG; https://www.hktdc.com/event/te/en/product/1Z03O98SG
Heromex Watch Company Limited,Heromex Watch Company Limited,Hong Kong,"Heromex is a watchmaker from Hong Kong. It offers services from product design to production. Having served American and European customers for over 30 years, Heromex achieves 100% customer satisfaction.","Heromex is a watchmaker from Hong Kong. It offers services from product design to production. Having served American and European customers for over 30 years, Heromex achieves 100% customer satisfaction.",,Exhibitor,Salon de TIME 2025,3G-A10,Salon de TIME - Chic & Trendy,,1,,,"Quartz Analogue Watch,Chronograph Watch,Ladies Watch,Mens Watch; Quartz and mechanical watches; OEM, ODM","Quartz Analogue Watch,Chronograph Watch,Ladies Watch,Mens Watch; Quartz and mechanical watches; OEM, ODM",https://www.hktdc.com/event/te/en/exhibitor/1S005OJOH,2,https://www.hktdc.com/event/te/en/product/1Z03ODC66; https://www.hktdc.com/event/te/en/product/1Z03ODC66
"Huizhou Ouchuangxing E-commerce Co., Ltd","Huizhou Ouchuangxing E-commerce Co., Ltd",Chinese Mainland,"Skeleton Mechanical Watch,Mechanical Hands & Digital Watch,24 Hour Dial Mechanical Watch,Quartz Analogue Watch,Sports Timer Watch,Chronograph Watch,Mens Watch,Moon Phase Mechanical Watch,Smart Watch","Skeleton Mechanical Watch,Mechanical Hands & Digital Watch,24 Hour Dial Mechanical Watch,Quartz Analogue Watch,Sports Timer Watch,Chronograph Watch,Mens Watch,Moon Phase Mechanical Watch,Smart Watch",,Exhibitor,Salon de TIME 2025,3F-B01,Salon de TIME - Craft Treasure,,1,,,"Skeleton Mechanical Watch,Mechanical Hands & Digital Watch,24 Hour Dial Mechanical Watch,Quartz Analogue Watch,Sports Timer Watch,Chronograph Watch,Mens Watch,Moon Phase Mechanical Watch,Smart Watch; Mechanical watches; ODM, OEM, OBM","Skeleton Mechanical Watch,Mechanical Hands & Digital Watch,24 Hour Dial Mechanical Watch,Quartz Analogue Watch,Sports Timer Watch,Chronograph Watch,Mens Watch,Moon Phase Mechanical Watch,Smart Watch; Mechanical watches; ODM, OEM, OBM",https://www.hktdc.com/event/te/en/exhibitor/1S005OJUZ,2,https://www.hktdc.com/event/te/en/product/1Z03MKA0Q; https://www.hktdc.com/event/te/en/product/1Z03MKA0Q
Ice Universal Limited,Ice Universal Limited,Hong Kong,"ICE-WATCH Established in 2007, the Ice-Watch brand is now sold in over 55 countries (Europe, Asia, Africa, America, Oceania andMiddle-East). With around 500 products, its unique design comes in several different models (smartwatches, digital and fashion watches) and colours, to suit all tastes,styles and desires. The Ice-Watch brand enjoys high visibility, whether on the wrist, in the ""BeCubic"" presentation box, onsocial media or through the vast network of Flagship Stores, Ice-Stores, kiosks and retail points of sale. ICE SA - Place McAuliffe, 34 - 6600 Bastogne - Belgium WATCHPEOPLE The beginning of a new story... Established in 2024, Watchpeople are the first Swiss Made watches TRULY for everyone. Because they were designed based on people's expectations, and not on the conventions of the market. WATCHPEOPLE is the unique combination of everything you can expect from a watch, but without having to make a choice. Watchpeople is for people rich in lightness, freedom and originality. Wearing a WATCHPEOPLE means regaining power over time, objects, watches. BEWATCH srl - Place McAuliffe, 34 - 6600 Bastogne - Belgium","ICE-WATCH Established in 2007, the Ice-Watch brand is now sold in over 55 countries (Europe, Asia, Africa, America, Oceania andMiddle-East). With around 500 products, its unique design comes in several different models (smartwatches, digital and fashion watches) and colours, to suit all tastes,styles and desires. The Ice-Watch brand enjoys high visibility, whether on the wrist, in the ""BeCubic"" presentation box, onsocial media or through the vast network of Flagship Stores, Ice-Stores, kiosks and retail points of sale. ICE SA - Place McAuliffe, 34 - 6600 Bastogne - Belgium WATCHPEOPLE The beginning of a new story... Established in 2024, Watchpeople are the first Swiss Made watches TRULY for everyone. Because they were designed based on people's expectations, and not on the conventions of the market. WATCHPEOPLE is the unique combination of everything you can expect from a watch, but without having to make a choice. Watchpeople is for people rich in lightness, freedom and originality. Wearing a WATCHPEOPLE means regaining power over time, objects, watches. BEWATCH srl - Place McAuliffe, 34 - 6600 Bastogne - Belgium",,Exhibitor,Salon de TIME 2025,3G-B04,Salon de TIME - Chic & Trendy,,1,,,"Digital Watch,Quartz Analogue Watch,Chronograph Watch,Ladies Watch,Brandname Watch,Kids Watch,Mens Watch,Smart Watch,Bluetooth Smart Watch; Multiple styles: minimalist, sporty, colourful, glamorous. Multiple materials: Ice-Ramic, silicone, metal, etc. Multiple audiences: men, women, kids and juniors. The wide range of Ice-Watch timepieces can adapt to our lifestyle and activities.; OBM","Digital Watch,Quartz Analogue Watch,Chronograph Watch,Ladies Watch,Brandname Watch,Kids Watch,Mens Watch,Smart Watch,Bluetooth Smart Watch; Multiple styles: minimalist, sporty, colourful, glamorous. Multiple materials: Ice-Ramic, silicone, metal, etc. Multiple audiences: men, women, kids and juniors. The wide range of Ice-Watch timepieces can adapt to our lifestyle and activities.; OBM",https://www.hktdc.com/event/te/en/exhibitor/1S005OJPE,2,https://www.hktdc.com/event/te/en/product/1Z03OB56D; https://www.hktdc.com/event/te/en/product/1Z03OB56D
Stelux Watch Ltd,Stelux Watch Ltd,Hong Kong,,,,Exhibitor,Salon de TIME 2025,3F-D08,Salon de TIME - Renaissance Moment,,1,,,"Stelux Watch Ltd has been crafting timepieces that transcend mere function, it tells stories. 
Since 1972, Stelux Watch has stood as a pillar of excellence in the watch industry, blending timeless craftsmanship with modern design; Others, OBM","Stelux Watch Ltd has been crafting timepieces that transcend mere function, it tells stories. 
Since 1972, Stelux Watch has stood as a pillar of excellence in the watch industry, blending timeless craftsmanship with modern design; Others, OBM",https://www.hktdc.com/event/te/en/exhibitor/1S005OK8S,2,https://www.hktdc.com/event/te/en/product/1Z03OBPVQ; https://www.hktdc.com/event/te/en/product/1Z03OBPVQ
Riba Watch Suisse SARL,Riba Watch Suisse SARL,Switzerland,"RIBAWATCH Group is an international group active in the design, manufacture and sale of finished watches, jewelry and watch movements and components. Owning eight Swiss watch brands and two French watch brands. Direct commercial sales company in three boutiques in Switzerland and online.","RIBAWATCH Group is an international group active in the design, manufacture and sale of finished watches, jewelry and watch movements and components. Owning eight Swiss watch brands and two French watch brands. Direct commercial sales company in three boutiques in Switzerland and online.",,Exhibitor,Salon de TIME 2025,3F-B06,Salon de TIME - Renaissance Moment,,1,,,"Skeleton Mechanical Watch,Mechanical Hands & Digital Watch,24 Hour Dial Mechanical Watch,Quartz Analogue Watch,Diver Watch,Chronograph Watch,Pilot Watch,Ladies Watch,Brandname Watch,Designer Watch,Mens Watch,Moon Phase Mechanical Watch,Promotional Watch; Experience the timeless elegance of Swiss craftsmanship with RibaWatch Swiss SARL. Combining precision, innovation, and tradition, we create exceptional timepieces proudly made in Switzerland.; ODM, OEM","Skeleton Mechanical Watch,Mechanical Hands & Digital Watch,24 Hour Dial Mechanical Watch,Quartz Analogue Watch,Diver Watch,Chronograph Watch,Pilot Watch,Ladies Watch,Brandname Watch,Designer Watch,Mens Watch,Moon Phase Mechanical Watch,Promotional Watch; Experience the timeless elegance of Swiss craftsmanship with RibaWatch Swiss SARL. Combining precision, innovation, and tradition, we create exceptional timepieces proudly made in Switzerland.; ODM, OEM",https://www.hktdc.com/event/te/en/exhibitor/1S005OJR8,2,https://www.hktdc.com/event/te/en/product/1Z03MN9HC; https://www.hktdc.com/event/te/en/product/1Z03MN9HC
Exhibition+,Exhibition+,Hong Kong,"The Hong Kong Trade Development Council (HKTDC) introduces ‘EXHIBITION+’, a brand-new exhibition model integrating online-and-offline trade show formats, extending face-to-face interactions from its world-class exhibitions in Hong Kong to an online smart business matching platform to help you connect business partners proactively.","The Hong Kong Trade Development Council (HKTDC) introduces ‘EXHIBITION+’, a brand-new exhibition model integrating online-and-offline trade show formats, extending face-to-face interactions from its world-class exhibitions in Hong Kong to an online smart business matching platform to help you connect business partners proactively.",,Exhibitor,Salon de TIME 2025,,Salon de TIME,,1,,,,,https://www.hktdc.com/event/te/en/exhibitor/1S005SGQE,2,https://www.hktdc.com/event/te/en/product/1Z03OFRQ3; https://www.hktdc.com/event/te/en/product/1Z03OFRQ3
Adriatica PR&A Watch Sagl,Adriatica PR&A Watch Sagl,Switzerland,,,,Exhibitor,Salon de TIME 2025,3F-E05,Salon de TIME - Renaissance Moment,,1,,,,,https://www.hktdc.com/event/te/en/exhibitor/1S005RN1A,2,https://www.hktdc.com/event/te/en/product/1X242Q2S; https://www.hktdc.com/event/te/en/product/1X242Q2S
Jowissa Watch Ltd,Jowissa Watch Ltd,Switzerland,,,,Exhibitor,Salon de TIME 2025,3F-E05,Salon de TIME - Renaissance Moment,,1,,,,,https://www.hktdc.com/event/te/en/exhibitor/1S005RN0D,2,https://www.hktdc.com/event/te/en/product/1Z03MOVQZ; https://www.hktdc.com/event/te/en/product/1Z03MOVQZ
Montres Michel Herbelin SA,Montres Michel Herbelin SA,France,,,,Exhibitor,Salon de TIME 2025,3F-D05E,Salon de TIME - Renaissance Moment,,1,,,WATCHES,WATCHES,https://www.hktdc.com/event/te/en/exhibitor/1S005RGH5,2,https://www.hktdc.com/event/te/en/product/1Z03KHWHP; https://www.hktdc.com/event/te/en/product/1Z03KHWHP
ILG Asia Limited,ILG Asia Limited,Hong Kong,"ILG - one of the leading companies in the field of licensed luxury, lifestyle and fashion products. ILG offer a strong & well-established global supply chain and distribution network built on long lasting cooperative partnerships. Alongside being an influential player in the field of licensed watches, jewellery, accessories, eyewear and fragrance. ILG operates with a strong product development-know-how, exercising expertise in the transcription of brand DNA to the product.","ILG - one of the leading companies in the field of licensed luxury, lifestyle and fashion products. ILG offer a strong & well-established global supply chain and distribution network built on long lasting cooperative partnerships. Alongside being an influential player in the field of licensed watches, jewellery, accessories, eyewear and fragrance. ILG operates with a strong product development-know-how, exercising expertise in the transcription of brand DNA to the product.",,Exhibitor,Salon de TIME 2025,3G-A08,Salon de TIME - Chic & Trendy,,1,,,"Skeleton Mechanical Watch,24 Hour Dial Mechanical Watch,Quartz Analogue Watch,Chronograph Watch,Brandname Watch,Mens Watch; Watches, Jewellery, Accessories, Eyewear and Fragrance; ODM","Skeleton Mechanical Watch,24 Hour Dial Mechanical Watch,Quartz Analogue Watch,Chronograph Watch,Brandname Watch,Mens Watch; Watches, Jewellery, Accessories, Eyewear and Fragrance; ODM",https://www.hktdc.com/event/te/en/exhibitor/1S005PMF5,0,
Prince Jewellery and Watch Company,Prince Jewellery and Watch Company,Hong Kong,"Founded in 1984 by Group Chairman & CEO Dr. Jimmy Tang MH JP, Prince Jewellery & Watch has developed its progressive business expansion with 19 branches in Hong Kong. With its flagship store located in Prestige Tower in Tsimshatsui, Prince Jewellery & Watch is renowned for carrying over 50 global high-end watch brands, such as Breguet, Carl F. Bucherer, Cartier, Chopard, FRANCK MULLER, Omega, I.W.C., Jaeger-LeCoultre, Longines, Piaget, Vacheron Constantin, etc","Founded in 1984 by Group Chairman & CEO Dr. Jimmy Tang MH JP, Prince Jewellery & Watch has developed its progressive business expansion with 19 branches in Hong Kong. With its flagship store located in Prestige Tower in Tsimshatsui, Prince Jewellery & Watch is renowned for carrying over 50 global high-end watch brands, such as Breguet, Carl F. Bucherer, Cartier, Chopard, FRANCK MULLER, Omega, I.W.C., Jaeger-LeCoultre, Longines, Piaget, Vacheron Constantin, etc",,Exhibitor,Salon de TIME 2025,3F-E01,World Brand Piazza,,1,,,Exhitbit 10 Global High-end Watch Brands,Exhitbit 10 Global High-end Watch Brands,https://www.hktdc.com/event/te/en/exhibitor/1S005PMG2,2,https://www.hktdc.com/event/te/en/product/1X1PA5YN; https://www.hktdc.com/event/te/en/product/1X1PA5YN
Sky Winner (Asia) Ltd,Sky Winner (Asia) Ltd,Hong Kong,"Skeleton Mechanical Watch,Quartz Analogue Watch,Diver Watch,Chronograph Watch,Ladies Watch,Brandname Watch,Mens Watch,Moon Phase Mechanical Watch","Skeleton Mechanical Watch,Quartz Analogue Watch,Diver Watch,Chronograph Watch,Ladies Watch,Brandname Watch,Mens Watch,Moon Phase Mechanical Watch",,Exhibitor,Salon de TIME 2025,3F-D06,Salon de TIME - Renaissance Moment,,1,,,"Skeleton Mechanical Watch,Quartz Analogue Watch,Diver Watch,Chronograph Watch,Ladies Watch,Brandname Watch,Mens Watch,Moon Phase Mechanical Watch; to be submitted; Others","Skeleton Mechanical Watch,Quartz Analogue Watch,Diver Watch,Chronograph Watch,Ladies Watch,Brandname Watch,Mens Watch,Moon Phase Mechanical Watch; to be submitted; Others",https://www.hktdc.com/event/te/en/exhibitor/1S005OJLQ,0,
Maison De Prince Watches and Spare Parts Trading,Maison De Prince Watches and Spare Parts Trading,United Arab Emirates,"Being established on January 2009, Maison de Prince is a professional global manufacturer, engaged in research and development, manufacturing, marketing and selling of luxury watches and jewellery. .","Being established on January 2009, Maison de Prince is a professional global manufacturer, engaged in research and development, manufacturing, marketing and selling of luxury watches and jewellery. .",,Exhibitor,Salon de TIME 2025,3F-C05,Salon de TIME - Renaissance Moment,,1,,,"Quartz Analogue Watch,Chronograph Watch,Ladies Watch,Brandname Watch,Designer Watch,Mens Watch; WE ARE OWN THE FASHION LICENSE AND MANUFACTURING AND DOING WHOLE SALES; Others","Quartz Analogue Watch,Chronograph Watch,Ladies Watch,Brandname Watch,Designer Watch,Mens Watch; WE ARE OWN THE FASHION LICENSE AND MANUFACTURING AND DOING WHOLE SALES; Others",https://www.hktdc.com/event/te/en/exhibitor/1S005OJ7W,0,
Bomass International Ltd,Bomass International Ltd,Hong Kong,"Skeleton Mechanical Watch,24 Hour Dial Mechanical Watch,Diver Watch,Sports Timer Watch,Chronograph Watch,Ladies Watch,Brandname Watch,Designer Watch,Mens Watch","Skeleton Mechanical Watch,24 Hour Dial Mechanical Watch,Diver Watch,Sports Timer Watch,Chronograph Watch,Ladies Watch,Brandname Watch,Designer Watch,Mens Watch",,Exhibitor,Salon de TIME 2025,3G-B06,Salon de TIME - Chic & Trendy,,1,,,"Skeleton Mechanical Watch,24 Hour Dial Mechanical Watch,Diver Watch,Sports Timer Watch,Chronograph Watch,Ladies Watch,Brandname Watch,Designer Watch,Mens Watch; From a watchmaking apprentice to a brand owner: Progression is the foundation of Arbutus. The artistry of keeping the equilibrium between visual and practical appeal requires a Dedicated mindset to evolve.  All the while, keeping watchmaking Heritage; Others","Skeleton Mechanical Watch,24 Hour Dial Mechanical Watch,Diver Watch,Sports Timer Watch,Chronograph Watch,Ladies Watch,Brandname Watch,Designer Watch,Mens Watch; From a watchmaking apprentice to a brand owner: Progression is the foundation of Arbutus. The artistry of keeping the equilibrium between visual and practical appeal requires a Dedicated mindset to evolve.  All the while, keeping watchmaking Heritage; Others",https://www.hktdc.com/event/te/en/exhibitor/1S005OJCH,2,https://www.hktdc.com/event/te/en/product/1Z03JI983; https://www.hktdc.com/event/te/en/product/1Z03JI983
Concept Watch International Ltd,Concept Watch International Ltd,Hong Kong,A great business in wristwatches for over 40 years!,A great business in wristwatches for over 40 years!,,Exhibitor,Salon de TIME 2025,3G-C06,Salon de TIME - Chic & Trendy,,1,,,"Mechanical Hands & Digital Watch,24 Hour Dial Mechanical Watch,Quartz Analogue Watch,Chronograph Watch,Jewelled-lever Automatic Watch,Brandname Watch,Designer Watch,Mens Watch; MAKING NEW BUSINESS DEALS, FINDING NEW BUSINESS PARTNERS AND GROWING BRAND AWARENESS AROUND THE WORLD; Others","Mechanical Hands & Digital Watch,24 Hour Dial Mechanical Watch,Quartz Analogue Watch,Chronograph Watch,Jewelled-lever Automatic Watch,Brandname Watch,Designer Watch,Mens Watch; MAKING NEW BUSINESS DEALS, FINDING NEW BUSINESS PARTNERS AND GROWING BRAND AWARENESS AROUND THE WORLD; Others",https://www.hktdc.com/event/te/en/exhibitor/1S005P389,0,
"Guangzhou Pinlun watch Co.,Ltd.","Guangzhou Pinlun watch Co.,Ltd.",Chinese Mainland,"Skeleton Mechanical Watch,Mechanical Hands & Digital Watch,24 Hour Dial Mechanical Watch,Quartz Analogue Watch,Ladies Watch,Mens Watch","Skeleton Mechanical Watch,Mechanical Hands & Digital Watch,24 Hour Dial Mechanical Watch,Quartz Analogue Watch,Ladies Watch,Mens Watch",,Exhibitor,Salon de TIME 2025,3F-B03,Salon de TIME - Craft Treasure,,1,,,"Skeleton Mechanical Watch,Mechanical Hands & Digital Watch,24 Hour Dial Mechanical Watch,Quartz Analogue Watch,Ladies Watch,Mens Watch; AGELOCER Watch; OEM, OBM, ODM","Skeleton Mechanical Watch,Mechanical Hands & Digital Watch,24 Hour Dial Mechanical Watch,Quartz Analogue Watch,Ladies Watch,Mens Watch; AGELOCER Watch; OEM, OBM, ODM",https://www.hktdc.com/event/te/en/exhibitor/1S005OJS5,0,
LuckyHarvey(Guangzhou)Commercial Co.，Ltd.,LuckyHarvey(Guangzhou)Commercial Co.，Ltd.,Chinese Mainland,"Digital Watch,Skeleton Mechanical Watch,24 Hour Dial Mechanical Watch,Quartz Analogue Watch,Mens Watch,Moon Phase Mechanical Watch","Digital Watch,Skeleton Mechanical Watch,24 Hour Dial Mechanical Watch,Quartz Analogue Watch,Mens Watch,Moon Phase Mechanical Watch",,Exhibitor,Salon de TIME 2025,3F-B04,Salon de TIME - Craft Treasure,,1,,,"Digital Watch,Skeleton Mechanical Watch,24 Hour Dial Mechanical Watch,Quartz Analogue Watch,Mens Watch,Moon Phase Mechanical Watch; Lucky Harvey watches; ODM, OEM, OBM","Digital Watch,Skeleton Mechanical Watch,24 Hour Dial Mechanical Watch,Quartz Analogue Watch,Mens Watch,Moon Phase Mechanical Watch; Lucky Harvey watches; ODM, OEM, OBM",https://www.hktdc.com/event/te/en/exhibitor/1S005OJKT,0,
"Shenzhen Leqi Cronusart Technology Co., Ltd.","Shenzhen Leqi Cronusart Technology Co., Ltd.",Chinese Mainland,"Mechanical Hands & Digital Watch,Quartz Analogue Watch,Ladies Watch,Mens Watch","Mechanical Hands & Digital Watch,Quartz Analogue Watch,Ladies Watch,Mens Watch",,Exhibitor,Salon de TIME 2025,3F-C01,Salon de TIME - Craft Treasure,,1,,,"Mechanical Hands & Digital Watch,Quartz Analogue Watch,Ladies Watch,Mens Watch; Watches and Accessories; ODM, OBM, OEM","Mechanical Hands & Digital Watch,Quartz Analogue Watch,Ladies Watch,Mens Watch; Watches and Accessories; ODM, OBM, OEM",https://www.hktdc.com/event/te/en/exhibitor/1S005OJH2,0,
Boderry Watch Co Ltd,Boderry Watch Co Ltd,Chinese Mainland,"Quartz Analogue Watch,Ladies Watch,Mens Watch","Quartz Analogue Watch,Ladies Watch,Mens Watch",,Exhibitor,Salon de TIME 2025,3G-C04,Salon de TIME - Chic & Trendy,,1,,,"Quartz Analogue Watch,Ladies Watch,Mens Watch; Watches; ODM, OBM, OEM","Quartz Analogue Watch,Ladies Watch,Mens Watch; Watches; ODM, OBM, OEM",https://www.hktdc.com/event/te/en/exhibitor/1S005OK0G,0,
"Foshan Roerdum Watch Co., Ltd","Foshan Roerdum Watch Co., Ltd",Chinese Mainland,"24 Hour Dial Mechanical Watch,Quartz Analogue Watch,Ladies Watch,Mens Watch,Moon Phase Mechanical Watch","24 Hour Dial Mechanical Watch,Quartz Analogue Watch,Ladies Watch,Mens Watch,Moon Phase Mechanical Watch",,Exhibitor,Salon de TIME 2025,3G-C02,Salon de TIME - Chic & Trendy,,1,,,"24 Hour Dial Mechanical Watch,Quartz Analogue Watch,Ladies Watch,Mens Watch,Moon Phase Mechanical Watch; Our company focuses on the display and service of high-quality watches, and the main exhibits cover two series: men's mechanical watches and women's quartz watches. We not only provide beautiful watch products, but also strive to meet the diverse nee; ODM, OEM","24 Hour Dial Mechanical Watch,Quartz Analogue Watch,Ladies Watch,Mens Watch,Moon Phase Mechanical Watch; Our company focuses on the display and service of high-quality watches, and the main exhibits cover two series: men's mechanical watches and women's quartz watches. We not only provide beautiful watch products, but also strive to meet the diverse nee; ODM, OEM",https://www.hktdc.com/event/te/en/exhibitor/1S005OJT2,0,
Montres S. A. Limited,Montres S. A. Limited,Hong Kong,,,,Exhibitor,Salon de TIME 2025,3F-E03,Salon de TIME - Wearable Tech,,1,,,,,https://www.hktdc.com/event/te/en/exhibitor/1S005SCK0,0,
Francéclat,Francéclat,France,"Francéclat is responsible for developing French timepieces, jewellery and tableware brands. It aims to expand and develop these three symbolic sectors both in France and around the world.","Francéclat is responsible for developing French timepieces, jewellery and tableware brands. It aims to expand and develop these three symbolic sectors both in France and around the world.",,Exhibitor,Salon de TIME 2025,3F-D05C,Salon de TIME - Renaissance Moment,,1,,,"Brandname Watch; Inventive, optimistic and always moving, the world of French watchmaking is set apart by its sensibilities and appeal. By combining creative freedom with a tradition of excellence, French watches have an unrivalled asset: that French je ne sais quoi.; OBM","Brandname Watch; Inventive, optimistic and always moving, the world of French watchmaking is set apart by its sensibilities and appeal. By combining creative freedom with a tradition of excellence, French watches have an unrivalled asset: that French je ne sais quoi.; OBM",https://www.hktdc.com/event/te/en/exhibitor/1S005RXGR,0,
Appella,Appella,Switzerland,,,,Exhibitor,Salon de TIME 2025,3F-E05,Salon de TIME - Renaissance Moment,,1,,,,,https://www.hktdc.com/event/te/en/exhibitor/1S005RN6V,0,
Briston,Briston,France,"«BRISTON is the best balance between a “garde-temps” and a chic, smart & trendy accessory». BRISTON is a French brand of British Sport Chic watches, launched in 2013. After 15 years in the luxury watch industry, Brice JAUNET decided to create his own brand and presents a chic yet accessible timepiece, using noble materials.","«BRISTON is the best balance between a “garde-temps” and a chic, smart & trendy accessory». BRISTON is a French brand of British Sport Chic watches, launched in 2013. After 15 years in the luxury watch industry, Brice JAUNET decided to create his own brand and presents a chic yet accessible timepiece, using noble materials.",,Exhibitor,Salon de TIME 2025,3F-D05D,Salon de TIME - Renaissance Moment,,1,,,"Modern, chic but casual, the BRISTON watches seduce Hipsters, Dandies, Preppies & Trendsetters, - whether they are men or women – or just watch aficionados.","Modern, chic but casual, the BRISTON watches seduce Hipsters, Dandies, Preppies & Trendsetters, - whether they are men or women – or just watch aficionados.",https://www.hktdc.com/event/te/en/exhibitor/1S005RXIL,0,
David Van Heim,David Van Heim,Switzerland,,,,Exhibitor,Salon de TIME 2025,3F-E05,Salon de TIME - Renaissance Moment,,1,,,,,https://www.hktdc.com/event/te/en/exhibitor/1S005RN27,2,https://www.hktdc.com/event/te/en/product/1Z03MNOVR; https://www.hktdc.com/event/te/en/product/1Z03MNOVR
Etoile,Etoile,Switzerland,,,,Exhibitor,Salon de TIME 2025,3F-E05,Salon de TIME - Renaissance Moment,,1,,,,,https://www.hktdc.com/event/te/en/exhibitor/1S005RN41,0,
Kelton,Kelton,France,,,,Exhibitor,Salon de TIME 2025,3F-D05B,Salon de TIME - Renaissance Moment,,1,,,,,https://www.hktdc.com/event/te/en/exhibitor/1S005RXJI,0,
Marvin,Marvin,Switzerland,,,,Exhibitor,Salon de TIME 2025,3F-E05,Salon de TIME - Renaissance Moment,,1,,,,,https://www.hktdc.com/event/te/en/exhibitor/1S005RN34,0,
Mathey Tissot,Mathey Tissot,Switzerland,,,,Exhibitor,Salon de TIME 2025,3F-E05,Salon de TIME - Renaissance Moment,,1,,,,,https://www.hktdc.com/event/te/en/exhibitor/1S005RN5Y,0,
Montignac,Montignac,France,,,,Exhibitor,Salon de TIME 2025,3F-D05G,Salon de TIME - Renaissance Moment,,1,,,,,https://www.hktdc.com/event/te/en/exhibitor/1S005RMNH,0,
Pilo & Co Sa,Pilo & Co Sa,Switzerland,,,,Exhibitor,Salon de TIME 2025,3F-E05,Salon de TIME - Renaissance Moment,,1,,,,,https://www.hktdc.com/event/te/en/exhibitor/1S005RKG4,2,https://www.hktdc.com/event/te/en/product/1X1IYHI3; https://www.hktdc.com/event/te/en/product/1X1IYHI3
SMB SAS / Lip,SMB SAS / Lip,France,"Philippe BERARD, the current Managing Director of the company, set up SMB SAS in 1984 in Besan?on (France), the historical capital of French watch making. Our group is entirely private and independent. Today, SMB SAS employs a staff of 130 people in France. The logistics (buildings, strong rooms, computerized order preparation, after-sales service) is considered by all its clients to be the best in France. In 40 years, this company has become a major player in the French watch market.","Philippe BERARD, the current Managing Director of the company, set up SMB SAS in 1984 in Besan?on (France), the historical capital of French watch making. Our group is entirely private and independent. Today, SMB SAS employs a staff of 130 people in France. The logistics (buildings, strong rooms, computerized order preparation, after-sales service) is considered by all its clients to be the best in France. In 40 years, this company has become a major player in the French watch market.",,Exhibitor,Salon de TIME 2025,3F-D05A,Salon de TIME - Renaissance Moment,,1,,,"In 1867, Emmanuel Lipmann set up a small watchmaking workshop in Besan?on. A true pioneer, LIP wrote the pages of the history of watchmaking techniques in 157 years of innovations and exclusive creations and sophisticated design Made in France.","In 1867, Emmanuel Lipmann set up a small watchmaking workshop in Besan?on. A true pioneer, LIP wrote the pages of the history of watchmaking techniques in 157 years of innovations and exclusive creations and sophisticated design Made in France.",https://www.hktdc.com/event/te/en/exhibitor/1S005RXHO,0,
YEMA,YEMA,France,,,,Exhibitor,Salon de TIME 2025,3F-D05H,Salon de TIME - Renaissance Moment,,1,,,,,https://www.hktdc.com/event/te/en/exhibitor/1S005RXLC,0,
Infantry Company Limited,Infantry Company Limited,Hong Kong,"An emerging watch brand founded by a Hong Kong - Canadian rising designer. Inspired by tough military style, the wristwatch signifies fearless fighting spirit and overcoming of every single extreme circumstance to achieve the ultimate goal, live every moment to its fullest., Each wristwatch model is a masterpiece of boldness and innovation, fundamentally combining with high-end durable material, epitomizing the perfect match of traditional watch-making technique and advanced technology. The timepiece showcases the sophisticated style and phenomenal performance. It will be your best partner of all time in the dynamic city of your simple daily life or challenging outdoor adventure. The INFANTRY designs concept demonstrated innovative ideas that are projected into the timepieces, from its appearance, to the materials and functions detail which were 100% original with it's inhouse development team.","An emerging watch brand founded by a Hong Kong - Canadian rising designer. Inspired by tough military style, the wristwatch signifies fearless fighting spirit and overcoming of every single extreme circumstance to achieve the ultimate goal, live every moment to its fullest., Each wristwatch model is a masterpiece of boldness and innovation, fundamentally combining with high-end durable material, epitomizing the perfect match of traditional watch-making technique and advanced technology. The timepiece showcases the sophisticated style and phenomenal performance. It will be your best partner of all time in the dynamic city of your simple daily life or challenging outdoor adventure. The INFANTRY designs concept demonstrated innovative ideas that are projected into the timepieces, from its appearance, to the materials and functions detail which were 100% original with it's inhouse development team.",,Exhibitor,Salon de TIME 2025,3G-B16,Salon de TIME - Chic & Trendy,,1,,,"Skeleton Mechanical Watch,Mechanical Hands & Digital Watch,24 Hour Dial Mechanical Watch,Chronograph Watch,Pilot Watch,Ladies Watch,Brandname Watch,Designer Watch,Kids Watch,Mens Watch; Each wristwatch model is a masterpiece of boldness and innovation, fundamentally combining with high-end durable material, epitomizing the perfect match of traditional watch-making technique and advanced technology.; OEM, ODM","Skeleton Mechanical Watch,Mechanical Hands & Digital Watch,24 Hour Dial Mechanical Watch,Chronograph Watch,Pilot Watch,Ladies Watch,Brandname Watch,Designer Watch,Kids Watch,Mens Watch; Each wristwatch model is a masterpiece of boldness and innovation, fundamentally combining with high-end durable material, epitomizing the perfect match of traditional watch-making technique and advanced technology.; OEM, ODM",https://www.hktdc.com/event/te/en/exhibitor/1S005OJJW,2,https://www.hktdc.com/event/te/en/product/1X21QAUC; https://www.hktdc.com/event/te/en/product/1X21QAUC
Zeitgeist Asia Limited,Zeitgeist Asia Limited,Hong Kong,"Quartz Analogue Watch,Sports Timer Watch,Chronograph Watch,Solar Watch,Ladies Watch,Brandname Watch,Mens Watch","Quartz Analogue Watch,Sports Timer Watch,Chronograph Watch,Solar Watch,Ladies Watch,Brandname Watch,Mens Watch",,Exhibitor,Salon de TIME 2025,3F-D07,Salon de TIME - Renaissance Moment,,1,,,"Quartz Analogue Watch,Sports Timer Watch,Chronograph Watch,Solar Watch,Ladies Watch,Brandname Watch,Mens Watch; PRODUCT HIGHLIGHTS
Made in Germany
Award-winning Design
Interchangeable straps
Apply with quartz movements from Miyota and Ronda Swiss, also solar movement and Swiss automatic movement.
316L stainless steel case.
Sapphire glass.; Others, OBM","Quartz Analogue Watch,Sports Timer Watch,Chronograph Watch,Solar Watch,Ladies Watch,Brandname Watch,Mens Watch; PRODUCT HIGHLIGHTS
Made in Germany
Award-winning Design
Interchangeable straps
Apply with quartz movements from Miyota and Ronda Swiss, also solar movement and Swiss automatic movement.
316L stainless steel case.
Sapphire glass.; Others, OBM",https://www.hktdc.com/event/te/en/exhibitor/1S005OJEB,2,https://www.hktdc.com/event/te/en/product/1Z03OC57A; https://www.hktdc.com/event/te/en/product/1Z03OC57A
Bridgestone Watch Limited,Bridgestone Watch Limited,Hong Kong,"Established in 1974, Bridgestone Watch Limited has been contributing in watchmaking industry for more than 50 years. In retrospect, our success relied on our professional team, their innovating manufacturing methods, and our bold investments to advanced manufacturing technologies. The group has been persistent in its firm belief ""Quality is the most valuable goodwill. Clients are the fairest judges"". Hence we promise to exceed client expectations with quality, innovation and passion.Over the past decades, the company has expanded to a global leader in watchmaking (OEM & ODM) business. Our strategic partners include Casio, Q&Q by Citizen, Annie Klien and more. Taking advantage of our diversified developments, we deliver the massive benefits of manufacturing and production technologies to our clients. We believe that our enthusiastic mind and continuously quality improvement will lead to maximum satisfaction to our clients.","Established in 1974, Bridgestone Watch Limited has been contributing in watchmaking industry for more than 50 years. In retrospect, our success relied on our professional team, their innovating manufacturing methods, and our bold investments to advanced manufacturing technologies. The group has been persistent in its firm belief ""Quality is the most valuable goodwill. Clients are the fairest judges"". Hence we promise to exceed client expectations with quality, innovation and passion.Over the past decades, the company has expanded to a global leader in watchmaking (OEM & ODM) business. Our strategic partners include Casio, Q&Q by Citizen, Annie Klien and more. Taking advantage of our diversified developments, we deliver the massive benefits of manufacturing and production technologies to our clients. We believe that our enthusiastic mind and continuously quality improvement will lead to maximum satisfaction to our clients.",,Exhibitor,Salon de TIME 2025,3G-C18,Salon de TIME - Chic & Trendy,,1,,,"Quartz Analogue Watch,Chronograph Watch,Ladies Watch,Designer Watch,Mens Watch; We are OEM & ODM manufacturer for all kind of analog watches making including quartz or mechanic movements. Our in-house design team with 3D rendering services to fulfill customers need.; OEM, ODM","Quartz Analogue Watch,Chronograph Watch,Ladies Watch,Designer Watch,Mens Watch; We are OEM & ODM manufacturer for all kind of analog watches making including quartz or mechanic movements. Our in-house design team with 3D rendering services to fulfill customers need.; OEM, ODM",https://www.hktdc.com/event/te/en/exhibitor/1S005R2N1,2,https://www.hktdc.com/event/te/en/product/1Z03OC7K5; https://www.hktdc.com/event/te/en/product/1Z03OC7K5
"Shenzhen Future Scale Technology Co., Ltd.","Shenzhen Future Scale Technology Co., Ltd.",Chinese Mainland,"Ladies Watch,Mens Watch","Ladies Watch,Mens Watch",,Exhibitor,Salon de TIME 2025,3G-E04,Salon de TIME - Chic & Trendy,,1,,,"Ladies Watch,Mens Watch; Watches, watch accessories; OEM, ODM, OBM, Others","Ladies Watch,Mens Watch; Watches, watch accessories; OEM, ODM, OBM, Others",https://www.hktdc.com/event/te/en/exhibitor/1S005P37C,2,https://www.hktdc.com/event/te/en/product/1Z03ODPLK; https://www.hktdc.com/event/te/en/product/1Z03ODPLK
Solar Time Ltd,Solar Time Ltd,Hong Kong,"Originally an OEM (Original Equipment Manufacturer) wristwatch manufacturer, Solar Time, Ltd. transformed into a designer, developer and DTC (Direct-to-Consumer) distributor of a portfolio of self-owned brands. With nearly 50 years of experience, we are skilled at all facets of the industry; from designing and engineering, to manufacturing and sourcing, to material and aesthetics. Most of all, we have deep respect and love for these wonderful mechanical objects. We aspire to create pieces which connect with and give happiness to our customers.","Originally an OEM (Original Equipment Manufacturer) wristwatch manufacturer, Solar Time, Ltd. transformed into a designer, developer and DTC (Direct-to-Consumer) distributor of a portfolio of self-owned brands. With nearly 50 years of experience, we are skilled at all facets of the industry; from designing and engineering, to manufacturing and sourcing, to material and aesthetics. Most of all, we have deep respect and love for these wonderful mechanical objects. We aspire to create pieces which connect with and give happiness to our customers.",,Exhibitor,Salon de TIME 2025,3G-B08,Salon de TIME - Chic & Trendy,,1,,,"24 Hour Dial Mechanical Watch,Quartz Analogue Watch,Diver Watch,Chronograph Watch,Pilot Watch,Ladies Watch,Mens Watch,Moon Phase Mechanical Watch; for over 40 years, Solar Time has been designing and crafting timepieces of style, function and flair for customers worldwide. Enjoy the worlds of Spinnaker, AVI-8, and Thomas Earnshaw.; OBM, OEM, Others","24 Hour Dial Mechanical Watch,Quartz Analogue Watch,Diver Watch,Chronograph Watch,Pilot Watch,Ladies Watch,Mens Watch,Moon Phase Mechanical Watch; for over 40 years, Solar Time has been designing and crafting timepieces of style, function and flair for customers worldwide. Enjoy the worlds of Spinnaker, AVI-8, and Thomas Earnshaw.; OBM, OEM, Others",https://www.hktdc.com/event/te/en/exhibitor/1S005OJMN,2,https://www.hktdc.com/event/te/en/product/1X1C23N4; https://www.hktdc.com/event/te/en/product/1X1C23N4
Accendo Hong Kong Ltd,Accendo Hong Kong Ltd,Hong Kong,"Quartz Analogue Watch,Ladies Watch,Mens Watch,Promotional Watch","Quartz Analogue Watch,Ladies Watch,Mens Watch,Promotional Watch",,Exhibitor,Salon de TIME 2025,3G-D04,Salon de TIME - Chic & Trendy,,1,,,"Quartz Analogue Watch,Ladies Watch,Mens Watch,Promotional Watch; Fashion, classic & promotional watches; OEM","Quartz Analogue Watch,Ladies Watch,Mens Watch,Promotional Watch; Fashion, classic & promotional watches; OEM",https://www.hktdc.com/event/te/en/exhibitor/1S005OK2A,2,https://www.hktdc.com/event/te/en/product/1Z03MHHDG; https://www.hktdc.com/event/te/en/product/1Z03MHHDG
Big Time Rush Limited,Big Time Rush Limited,Hong Kong,"Skeleton Mechanical Watch,Quartz Analogue Watch,Diver Watch,Chronograph Watch,Designer Watch","Skeleton Mechanical Watch,Quartz Analogue Watch,Diver Watch,Chronograph Watch,Designer Watch",,Exhibitor,Salon de TIME 2025,3F-C13,Salon de TIME - Renaissance Moment,,1,,,"Skeleton Mechanical Watch,Quartz Analogue Watch,Diver Watch,Chronograph Watch,Designer Watch; WRIST WATCHES AUTOMATIC; OEM","Skeleton Mechanical Watch,Quartz Analogue Watch,Diver Watch,Chronograph Watch,Designer Watch; WRIST WATCHES AUTOMATIC; OEM",https://www.hktdc.com/event/te/en/exhibitor/1S005OJG5,2,https://www.hktdc.com/event/te/en/product/1Z03ODFEF; https://www.hktdc.com/event/te/en/product/1Z03ODFEF
D & P CREATIVE LIMITED,D & P CREATIVE LIMITED,Hong Kong,official distributor and brand partner for Asia markets,official distributor and brand partner for Asia markets,,Exhibitor,Salon de TIME 2025,3G-A14,Salon de TIME - Chic & Trendy,,1,,,"Chronograph Watch,Brandname Watch,Designer Watch,Mens Watch; Watches; Others","Chronograph Watch,Brandname Watch,Designer Watch,Mens Watch; Watches; Others",https://www.hktdc.com/event/te/en/exhibitor/1S005OK44,2,https://www.hktdc.com/event/te/en/product/1Z03OBXHO; https://www.hktdc.com/event/te/en/product/1Z03OBXHO
Pro Time Technology Limited,Pro Time Technology Limited,Hong Kong,"PRO TIME TECHNOLOGY LTD is watch manufacturer in Hong Kong and China Since 2010 our company is specialized in production of a wide range of Automatic and Quartz watches for several brands around the world- We are strong in Stainless steel watches with a perfect value for money but We also produce Brass Pocket and wrist watches, Alloy and Titanium Watches- We can provide 1 o 1 design service, starting from your idea or concepts We can, with our customers, develop new and exclusive customized projects. Our passion for the ' Italian Design' attention to technique and details of watch manufacturing combined with the use of professional graphic software help us to create unique products- Thanks to our consolidated partnership with famous Switzerland and Japanese movements factories we are capable of producing wide range of Quartz and Automatic watches at very competitive prices and reasonable delivery time- Towards the end of the year 2021 We launched our First M2Z watch-","PRO TIME TECHNOLOGY LTD is watch manufacturer in Hong Kong and China Since 2010 our company is specialized in production of a wide range of Automatic and Quartz watches for several brands around the world- We are strong in Stainless steel watches with a perfect value for money but We also produce Brass Pocket and wrist watches, Alloy and Titanium Watches- We can provide 1 o 1 design service, starting from your idea or concepts We can, with our customers, develop new and exclusive customized projects. Our passion for the ' Italian Design' attention to technique and details of watch manufacturing combined with the use of professional graphic software help us to create unique products- Thanks to our consolidated partnership with famous Switzerland and Japanese movements factories we are capable of producing wide range of Quartz and Automatic watches at very competitive prices and reasonable delivery time- Towards the end of the year 2021 We launched our First M2Z watch-",,Exhibitor,Salon de TIME 2025,3G-A16,Salon de TIME - Chic & Trendy,,1,,,"Mechanical Hands & Digital Watch,Quartz Analogue Watch,Diver Watch,Chronograph Watch,Pilot Watch,Solar Watch,Ladies Watch,Mens Watch; M2Z Watches, Automatic Classic Watches, Diver Watch, Lady Watches, Stainless steel watches, Classic Watches with Genuine leather strap, Chronograph Watches, Military Pilot Watches; ODM, OEM","Mechanical Hands & Digital Watch,Quartz Analogue Watch,Diver Watch,Chronograph Watch,Pilot Watch,Solar Watch,Ladies Watch,Mens Watch; M2Z Watches, Automatic Classic Watches, Diver Watch, Lady Watches, Stainless steel watches, Classic Watches with Genuine leather strap, Chronograph Watches, Military Pilot Watches; ODM, OEM",https://www.hktdc.com/event/te/en/exhibitor/1S005OKAM,2,https://www.hktdc.com/event/te/en/product/1Z03KE2JD; https://www.hktdc.com/event/te/en/product/1Z03KE2JD
Clarity Ltd,Clarity Ltd,Hong Kong,"Quartz Analogue Watch,Ladies Watch,Brandname Watch","Quartz Analogue Watch,Ladies Watch,Brandname Watch",,Exhibitor,Salon de TIME 2025,3F-B08,Salon de TIME - Craft Treasure,,1,,,"Quartz Analogue Watch,Ladies Watch,Brandname Watch; All Anne Klein watches are made with only high-quality materials including genuine diamonds, crystals, ceramic and genuine leather straps. The ceramic watch is a must-have accessory. Anne Klein offers a range of genuine ceramic styles and designs.; OEM","Quartz Analogue Watch,Ladies Watch,Brandname Watch; All Anne Klein watches are made with only high-quality materials including genuine diamonds, crystals, ceramic and genuine leather straps. The ceramic watch is a must-have accessory. Anne Klein offers a range of genuine ceramic styles and designs.; OEM",https://www.hktdc.com/event/te/en/exhibitor/1S005OJIZ,2,https://www.hktdc.com/event/te/en/product/1Z03NMTQ1; https://www.hktdc.com/event/te/en/product/1Z03NMTQ1
Como Milano International Ltd.,Como Milano International Ltd.,Hong Kong,"Ladies Watch,Mens Watch","Ladies Watch,Mens Watch",,Exhibitor,Salon de TIME 2025,3G-C09,Salon de TIME - Chic & Trendy,,1,,,"Ladies Watch,Mens Watch; Como Milano brand watches; Others","Ladies Watch,Mens Watch; Como Milano brand watches; Others",https://www.hktdc.com/event/te/en/exhibitor/1S005RXM9,2,https://www.hktdc.com/event/te/en/product/1Z03H57TE; https://www.hktdc.com/event/te/en/product/1Z03H57TE
National Electronics & Watch Co Ltd,National Electronics & Watch Co Ltd,Hong Kong,"NEWCO was founded in 1975, and is a design company to develop the Smartwatches and the digital sport products.","NEWCO was founded in 1975, and is a design company to develop the Smartwatches and the digital sport products.",,Exhibitor,Salon de TIME 2025,3G-D01,Salon de TIME - Chic & Trendy,,1,,,"Digital Watch,Mens Watch,Bluetooth Smart Watch; Watches; OBM","Digital Watch,Mens Watch,Bluetooth Smart Watch; Watches; OBM",https://www.hktdc.com/event/te/en/exhibitor/1S005OK37,2,https://www.hktdc.com/event/te/en/product/1Z03OD1VE; https://www.hktdc.com/event/te/en/product/1Z03OD1VE
Mavlian International Co.,Mavlian International Co.,Lebanon,"Mavlian International Co. is a family business have it's own Brands ""Claudia Koch and Alexus Christy"" . we are expert in watch repair, . We are exporting our Brands worldwide. Brands are high ends with Swiss and Japan movements.","Mavlian International Co. is a family business have it's own Brands ""Claudia Koch and Alexus Christy"" . we are expert in watch repair, . We are exporting our Brands worldwide. Brands are high ends with Swiss and Japan movements.",,Exhibitor,Salon de TIME 2025,3G-A12,Salon de TIME - Chic & Trendy,,1,,,"Digital Watch,Mechanical Hands & Digital Watch,Quartz Analogue Watch,Ladies Watch,Brandname Watch,Mens Watch,Smart Watch; Claudia koch . ladies and man Fashion watches watches Japan movement steel Band .
ALEXUS CHRISTY : Man all steel high end Japan Movement competitive Prices.; OEM","Digital Watch,Mechanical Hands & Digital Watch,Quartz Analogue Watch,Ladies Watch,Brandname Watch,Mens Watch,Smart Watch; Claudia koch . ladies and man Fashion watches watches Japan movement steel Band .
ALEXUS CHRISTY : Man all steel high end Japan Movement competitive Prices.; OEM",https://www.hktdc.com/event/te/en/exhibitor/1S005OJNK,2,https://www.hktdc.com/event/te/en/product/1Z03O6SSW; https://www.hktdc.com/event/te/en/product/1Z03O6SSW
Atlantic,Atlantic,Switzerland,,,,Exhibitor,Salon de TIME 2025,3F-E05,,,1,,,,,https://www.hktdc.com/event/te/en/exhibitor/1S005RN7S,0,
Present Watch & Jewelry Company Limited,Present Watch & Jewelry Company Limited,Hong Kong,"established in 2022, during covid 19 we design and produce our own design watch in our brand. Although our brand is young and fresh,our team have been manufacturing diamond jewelry over 50 years and have been ODM in jewelry watches.","established in 2022, during covid 19 we design and produce our own design watch in our brand. Although our brand is young and fresh,our team have been manufacturing diamond jewelry over 50 years and have been ODM in jewelry watches.",,Exhibitor,Salon de TIME 2025,3F-B05,Salon de TIME - Craft Treasure,,1,,,Brandname Watch; 比辰鐘錶珠寶把自己定位為帶有東方美學特色的香港鐘錶品牌生產及銷售自家設計的原創手錶; OBM,Brandname Watch; 比辰鐘錶珠寶把自己定位為帶有東方美學特色的香港鐘錶品牌生產及銷售自家設計的原創手錶; OBM,https://www.hktdc.com/event/te/en/exhibitor/1S005OJAN,2,https://www.hktdc.com/event/te/en/product/1Z03MO6Y0; https://www.hktdc.com/event/te/en/product/1Z03MO6Y0
Condor (HK) Ltd,Condor (HK) Ltd,Hong Kong,"Founded in 1997 and conceived in Cherkenwell, the traditional home of watchmaking in London, we have crafted a range of fine timepieces that combine world-class craftsmanship with quintessential British design to reflect timeless style. Well-known for the design of our watches and our dedication to constructing beautiful watches we have built valued partnerships with retialers that distribute our ranges all over the globe.","Founded in 1997 and conceived in Cherkenwell, the traditional home of watchmaking in London, we have crafted a range of fine timepieces that combine world-class craftsmanship with quintessential British design to reflect timeless style. Well-known for the design of our watches and our dedication to constructing beautiful watches we have built valued partnerships with retialers that distribute our ranges all over the globe.",,Exhibitor,Salon de TIME 2025,3F-D10,Salon de TIME - Renaissance Moment,,1,,,"Skeleton Mechanical Watch,24 Hour Dial Mechanical Watch,Quartz Analogue Watch,Diver Watch,Chronograph Watch,Ladies Watch,Brandname Watch,Mens Watch; In 2018, we launched a fresh approach to our watches through our Made in London collection to reflect London's unique heritage in watchmaking.

We source high-quality components from all over the world to assemble our watches i London.; Others, OEM","Skeleton Mechanical Watch,24 Hour Dial Mechanical Watch,Quartz Analogue Watch,Diver Watch,Chronograph Watch,Ladies Watch,Brandname Watch,Mens Watch; In 2018, we launched a fresh approach to our watches through our Made in London collection to reflect London's unique heritage in watchmaking.

We source high-quality components from all over the world to assemble our watches i London.; Others, OEM",https://www.hktdc.com/event/te/en/exhibitor/1S005OJWT,0,
Tutima (Hong Kong) Limited,Tutima (Hong Kong) Limited,Hong Kong,Brandname Watch,Brandname Watch,,Exhibitor,Salon de TIME 2025,3G-B11,Salon de TIME - Chic & Trendy,,1,,,Brandname Watch; Boccia Titanium Watches; OBM,Brandname Watch; Boccia Titanium Watches; OBM,https://www.hktdc.com/event/te/en/exhibitor/1S005OJ6Z,2,https://www.hktdc.com/event/te/en/product/1Z03N8ZQV; https://www.hktdc.com/event/te/en/product/1Z03N8ZQV
ZERA INTERNATIONAL LIMITED,ZERA INTERNATIONAL LIMITED,Hong Kong,"Skeleton Mechanical Watch,Quartz Analogue Watch,Diver Watch","Skeleton Mechanical Watch,Quartz Analogue Watch,Diver Watch",,Exhibitor,Salon de TIME 2025,3G-E08,Salon de TIME - Chic & Trendy,,1,,,"Skeleton Mechanical Watch,Quartz Analogue Watch,Diver Watch; BRAND WATCHES; OEM, OBM","Skeleton Mechanical Watch,Quartz Analogue Watch,Diver Watch; BRAND WATCHES; OEM, OBM",https://www.hktdc.com/event/te/en/exhibitor/1S005RMPB,0,
"Guangdong Star Rudder Technology Co.,LTD","Guangdong Star Rudder Technology Co.,LTD",Chinese Mainland,"Star Rudder Technology has more than 20 quartz watch brands worldwide, among which the Harley Watch brand was founded in 2003 and has been deeply cultivating markets in Southeast Asia, the Middle East, Europe and America for 20 years. It has a high reputation and reputation among customers at home and abroad. In recent years, Harley watches have been deeply loved and favored by the end consumer market, especially the Harley brand watches have begun to provide customized gift watch services for consumers. The customization scope includes: deep customization of appearance, function, packaging, brand, as well as laser customization of personalized signatures or messages on the watch case and bottom cover. Interested friends, please contact our customer service center for more information.","Star Rudder Technology has more than 20 quartz watch brands worldwide, among which the Harley Watch brand was founded in 2003 and has been deeply cultivating markets in Southeast Asia, the Middle East, Europe and America for 20 years. It has a high reputation and reputation among customers at home and abroad. In recent years, Harley watches have been deeply loved and favored by the end consumer market, especially the Harley brand watches have begun to provide customized gift watch services for consumers. The customization scope includes: deep customization of appearance, function, packaging, brand, as well as laser customization of personalized signatures or messages on the watch case and bottom cover. Interested friends, please contact our customer service center for more information.",,Exhibitor,Salon de TIME 2025,3G-D02,Salon de TIME - Chic & Trendy,,1,,,"Quartz Analogue Watch,Chronograph Watch,Ladies Watch,Brandname Watch,Mens Watch; 星舵钟表旗下拥有全球二十多个石英表品牌，其中哈雷表品牌创立于贰零零叁年，二十年来深耕东南亚、中东、欧美等市场，在海内外广大客户中拥有很高的知名度和美誉度。哈雷表近年来一只深受终端消费市场的喜爱和青睐，尤其是哈雷品牌手表开始为消费者提供礼品表定制服务。定制范围包括：外观、功能、包装、品牌的深度定制以及在手表的表壳和底盖的个性化签名或留言的镭射定制。感兴趣的朋友请联系我们客服中心了解详情。; OEM","Quartz Analogue Watch,Chronograph Watch,Ladies Watch,Brandname Watch,Mens Watch; 星舵钟表旗下拥有全球二十多个石英表品牌，其中哈雷表品牌创立于贰零零叁年，二十年来深耕东南亚、中东、欧美等市场，在海内外广大客户中拥有很高的知名度和美誉度。哈雷表近年来一只深受终端消费市场的喜爱和青睐，尤其是哈雷品牌手表开始为消费者提供礼品表定制服务。定制范围包括：外观、功能、包装、品牌的深度定制以及在手表的表壳和底盖的个性化签名或留言的镭射定制。感兴趣的朋友请联系我们客服中心了解详情。; OEM",https://www.hktdc.com/event/te/en/exhibitor/1S005OJXQ,0,
Brannew Watch. Inc,Brannew Watch. Inc,"Korea, Republic Of","Quartz Analogue Watch,Ladies Watch,Mens Watch","Quartz Analogue Watch,Ladies Watch,Mens Watch",,Exhibitor,Salon de TIME 2025,3G-C11,Salon de TIME - Chic & Trendy,,1,,,"Quartz Analogue Watch,Ladies Watch,Mens Watch; Pride in craftsmanship passed down through two generations.
Brand New Watch started as a case processing company in 1988 and has developed innovative technology and
We produce and customize our products in-house with luxurious designs filled with v; ODM, OEM","Quartz Analogue Watch,Ladies Watch,Mens Watch; Pride in craftsmanship passed down through two generations.
Brand New Watch started as a case processing company in 1988 and has developed innovative technology and
We produce and customize our products in-house with luxurious designs filled with v; ODM, OEM",https://www.hktdc.com/event/te/en/exhibitor/1S005PGBN,0,
"Shenzhen Benly Watch Co.,Ltd","Shenzhen Benly Watch Co.,Ltd",Chinese Mainland,"Ladies Watch,Mens Watch","Ladies Watch,Mens Watch",,Exhibitor,Salon de TIME 2025,3G-E06,Salon de TIME - Chic & Trendy,,1,,,"Ladies Watch,Mens Watch; male&female watch,; ODM, OEM, Others, OBM","Ladies Watch,Mens Watch; male&female watch,; ODM, OEM, Others, OBM",https://www.hktdc.com/event/te/en/exhibitor/1S005P36F,2,https://www.hktdc.com/event/te/en/product/1Z03OA1N2; https://www.hktdc.com/event/te/en/product/1Z03OA1N2
Sun Flame Co Ltd,Sun Flame Co Ltd,Japan,"Quartz Analogue Watch,Jewelled-lever Automatic Watch,Ladies Watch,Mens Watch","Quartz Analogue Watch,Jewelled-lever Automatic Watch,Ladies Watch,Mens Watch",,Exhibitor,Salon de TIME 2025,3G-B13,Salon de TIME - Renaissance Moment,,1,,,"Quartz Analogue Watch,Jewelled-lever Automatic Watch,Ladies Watch,Mens Watch; Sun Flame CO.,Ltd. has been established in 1984.; OBM, OEM, ODM","Quartz Analogue Watch,Jewelled-lever Automatic Watch,Ladies Watch,Mens Watch; Sun Flame CO.,Ltd. has been established in 1984.; OBM, OEM, ODM",https://www.hktdc.com/event/te/en/exhibitor/1S005OK51,2,https://www.hktdc.com/event/te/en/product/1Z03IR5Y1; https://www.hktdc.com/event/te/en/product/1Z03IR5Y1
The Federation of Hong Kong Watch Trades & Industries Ltd,The Federation of Hong Kong Watch Trades & Industries Ltd,Hong Kong,,,,Exhibitor,Salon de TIME 2025,3F-E03,Salon de TIME - Wearable Tech,,1,,,香港鐘表業總會成立於1947年，致力促進鐘錶業發展、提升專業水平及維護業界利益。主要服務包括：舉辦國際展覽與研討會、出版業界刊物、推動政策倡議、提供技術培訓與學徒計劃、推行資歷認可、促進商校合作及成立慈善基金支援教育與弱勢社群。總會亦積極促進國際交流，協助會員拓展市場與提升競爭力。; Others,香港鐘表業總會成立於1947年，致力促進鐘錶業發展、提升專業水平及維護業界利益。主要服務包括：舉辦國際展覽與研討會、出版業界刊物、推動政策倡議、提供技術培訓與學徒計劃、推行資歷認可、促進商校合作及成立慈善基金支援教育與弱勢社群。總會亦積極促進國際交流，協助會員拓展市場與提升競爭力。; Others,https://www.hktdc.com/event/te/en/exhibitor/1S005SCH9,2,https://www.hktdc.com/event/te/en/product/1X0BNIVN; https://www.hktdc.com/event/te/en/product/1X0BNIVN
Berlink Timepiece (HK) Limited,Berlink Timepiece (HK) Limited,Hong Kong,Skeleton Mechanical Watch,Skeleton Mechanical Watch,,Exhibitor,Salon de TIME 2025,3G-E09,Salon de TIME - Craft Treasure,,1,,,Skeleton Mechanical Watch; PROFESSIONAL WATCH MANUFACTURER; Others,Skeleton Mechanical Watch; PROFESSIONAL WATCH MANUFACTURER; Others,https://www.hktdc.com/event/te/en/exhibitor/1S005OJF8,2,https://www.hktdc.com/event/te/en/product/1Z03O9QTV; https://www.hktdc.com/event/te/en/product/1Z03O9QTV
"Grand Bentley International Co., Limited","Grand Bentley International Co., Limited",Hong Kong,"Digital Watch,Skeleton Mechanical Watch,24 Hour Dial Mechanical Watch,Quartz Analogue Watch,Chronograph Watch,Ladies Watch,Brandname Watch,Mens Watch","Digital Watch,Skeleton Mechanical Watch,24 Hour Dial Mechanical Watch,Quartz Analogue Watch,Chronograph Watch,Ladies Watch,Brandname Watch,Mens Watch",,Exhibitor,Salon de TIME 2025,3F-A01,Salon de TIME - Renaissance Moment,,1,,,"Digital Watch,Skeleton Mechanical Watch,24 Hour Dial Mechanical Watch,Quartz Analogue Watch,Chronograph Watch,Ladies Watch,Brandname Watch,Mens Watch; Established in 1948 in La Chaux-de-Fonds, Switzerland, BENTLEY Watches combines traditioanl craftsmanship with innovative design. Known for their precision and luxury, BENTLEY watches balance tradition and modernity.; OEM, ODM","Digital Watch,Skeleton Mechanical Watch,24 Hour Dial Mechanical Watch,Quartz Analogue Watch,Chronograph Watch,Ladies Watch,Brandname Watch,Mens Watch; Established in 1948 in La Chaux-de-Fonds, Switzerland, BENTLEY Watches combines traditioanl craftsmanship with innovative design. Known for their precision and luxury, BENTLEY watches balance tradition and modernity.; OEM, ODM",https://www.hktdc.com/event/te/en/exhibitor/1S005OJ9Q,2,https://www.hktdc.com/event/te/en/product/1Z03MLUKI; https://www.hktdc.com/event/te/en/product/1Z03MLUKI
OVD Limited,OVD Limited,Hong Kong,"OVD is a Hong Kong-based independent watch brand blending futuristic design with minimalist aesthetics. Known for concept-driven timepieces like the Full Moon series, OVD combines storytelling, quality materials, and limited production.","OVD is a Hong Kong-based independent watch brand blending futuristic design with minimalist aesthetics. Known for concept-driven timepieces like the Full Moon series, OVD combines storytelling, quality materials, and limited production.",,Exhibitor,Salon de TIME 2025,3G-C16,Salon de TIME - Chic & Trendy,,1,,,"Desk Clock,Diver Watch,Brandname Watch,Designer Watch,Mens Watch,Moon Phase Mechanical Watch,Metal Watch Case,Metal Watch Band,Watch Box,Aftersales Watch Services Equipment and Tool,Trade Publication & Service; OVD is a Hong Kong-based independent watch brand blending futuristic design with minimalist aesthetics. Known for concept-driven timepieces like the Full Moon series, OVD combines storytelling, quality materials, and limited production.; ODM","Desk Clock,Diver Watch,Brandname Watch,Designer Watch,Mens Watch,Moon Phase Mechanical Watch,Metal Watch Case,Metal Watch Band,Watch Box,Aftersales Watch Services Equipment and Tool,Trade Publication & Service; OVD is a Hong Kong-based independent watch brand blending futuristic design with minimalist aesthetics. Known for concept-driven timepieces like the Full Moon series, OVD combines storytelling, quality materials, and limited production.; ODM",https://www.hktdc.com/event/te/en/exhibitor/1S005PWC4,2,https://www.hktdc.com/event/te/en/product/1X1XNKHV; https://www.hktdc.com/event/te/en/product/1X1XNKHV
Sang Tat Industrial Limited,Sang Tat Industrial Limited,Hong Kong,"Established in 1989, Sang Tat Industrial Limited is a high quality stainless steel watches manufacturer. Our core business has extended from solely assembly to nowadays also case and metal band manufacturing. Over the years, we feel so honoured to have the continuous support of many clienteles all over the world and being acknowledged as one of the most reputable watch companies in Hong Kong. Started as family business driven by the passion of the owner in watch design, Sang Tat business has been expanding at a steady pace over the years. Our company's mission is to transmit this passion of watches across the world and to satisfy the needs of international clienteles by taking consideration of specific criteria for each market or brand name.","Established in 1989, Sang Tat Industrial Limited is a high quality stainless steel watches manufacturer. Our core business has extended from solely assembly to nowadays also case and metal band manufacturing. Over the years, we feel so honoured to have the continuous support of many clienteles all over the world and being acknowledged as one of the most reputable watch companies in Hong Kong. Started as family business driven by the passion of the owner in watch design, Sang Tat business has been expanding at a steady pace over the years. Our company's mission is to transmit this passion of watches across the world and to satisfy the needs of international clienteles by taking consideration of specific criteria for each market or brand name.",,Exhibitor,Salon de TIME 2025,3F-D12,Salon de TIME - Renaissance Moment,,1,,,"Brandname Watch; Restlessly developing new styles of watches, our collection covers from sportive chronographs, high fashion watches to classical timepieces.; OEM, ODM, OBM","Brandname Watch; Restlessly developing new styles of watches, our collection covers from sportive chronographs, high fashion watches to classical timepieces.; OEM, ODM, OBM",https://www.hktdc.com/event/te/en/exhibitor/1S005OK1D,2,https://www.hktdc.com/event/te/en/product/1X1XHCEM; https://www.hktdc.com/event/te/en/product/1X1XHCEM
"Guangzhou Tianyuan Watch Co., Ltd.","Guangzhou Tianyuan Watch Co., Ltd.",Chinese Mainland,"ShenZhen TianTuo Watch Industry Co., Ltd., Ltd., the brand I&W CARNIVAL watch, set up its own factory, independent design, self-production and self-marketing, domestic shopping malls with self-support and franchise counters, products reputation sales at home and abroad.","ShenZhen TianTuo Watch Industry Co., Ltd., Ltd., the brand I&W CARNIVAL watch, set up its own factory, independent design, self-production and self-marketing, domestic shopping malls with self-support and franchise counters, products reputation sales at home and abroad.",,Exhibitor,Salon de TIME 2025,3G-B02,Salon de TIME - Chic & Trendy,,1,,,"Quartz Analogue Watch,Brandname Watch,Mens Watch,Moon Phase Mechanical Watch; I&W CARNIVAL watch brand display Speed Pioneer series, Bumblebee series, extraordinary Master series, Smile time series watches, optional independent brand agent, OEM production,; ODM, OEM","Quartz Analogue Watch,Brandname Watch,Mens Watch,Moon Phase Mechanical Watch; I&W CARNIVAL watch brand display Speed Pioneer series, Bumblebee series, extraordinary Master series, Smile time series watches, optional independent brand agent, OEM production,; ODM, OEM",https://www.hktdc.com/event/te/en/exhibitor/1S005OJZK,0,
Horological Industries Limited,Horological Industries Limited,Hong Kong,"Skeleton Mechanical Watch,Quartz Analogue Watch,Diver Watch,Chronograph Watch,Jewelled-lever Automatic Watch,Ladies Watch,Brandname Watch,Designer Watch,Kids Watch,Mens Watch,Promotional Watch,Bluetooth Smart Watch","Skeleton Mechanical Watch,Quartz Analogue Watch,Diver Watch,Chronograph Watch,Jewelled-lever Automatic Watch,Ladies Watch,Brandname Watch,Designer Watch,Kids Watch,Mens Watch,Promotional Watch,Bluetooth Smart Watch",,Exhibitor,Salon de TIME 2025,3G-A06,Salon de TIME - Chic & Trendy,,1,,,"Skeleton Mechanical Watch,Quartz Analogue Watch,Diver Watch,Chronograph Watch,Jewelled-lever Automatic Watch,Ladies Watch,Brandname Watch,Designer Watch,Kids Watch,Mens Watch,Promotional Watch,Bluetooth Smart Watch; Complete range of timepieces from quartz analogue, BlueTooth connected smart watch, automatic/mechanical movement for Kids, Teenage, Men and Woman; ODM, Others","Skeleton Mechanical Watch,Quartz Analogue Watch,Diver Watch,Chronograph Watch,Jewelled-lever Automatic Watch,Ladies Watch,Brandname Watch,Designer Watch,Kids Watch,Mens Watch,Promotional Watch,Bluetooth Smart Watch; Complete range of timepieces from quartz analogue, BlueTooth connected smart watch, automatic/mechanical movement for Kids, Teenage, Men and Woman; ODM, Others",https://www.hktdc.com/event/te/en/exhibitor/1S005OK9P,2,https://www.hktdc.com/event/te/en/product/1Z03OCEMS; https://www.hktdc.com/event/te/en/product/1Z03OCEMS
Watch CataVlog Production,Watch CataVlog Production,Hong Kong,"Diver Watch,Pilot Watch,Mens Watch","Diver Watch,Pilot Watch,Mens Watch",,Exhibitor,Salon de TIME 2025,3G-B15,Salon de TIME - Chic & Trendy,,1,,,"Diver Watch,Pilot Watch,Mens Watch; 4個牌子都是一些非主流，但極受錶迷留意的品牌，當中No Identity冒起得很快，因為品牌背後是和一個本地國際級藝術家聯乘的，每款產品都受到很多錶迷追捧的。

Squale，ZRC和OW都是一些歷史悠久的瑞士獨立制錶單位，沒有大財團背後的加持，手錶款式更見原創性，更有個性，其中兩個更加是首次進軍香港市場，希望為亞太區帶來更多有趣的品牌; OBM","Diver Watch,Pilot Watch,Mens Watch; 4個牌子都是一些非主流，但極受錶迷留意的品牌，當中No Identity冒起得很快，因為品牌背後是和一個本地國際級藝術家聯乘的，每款產品都受到很多錶迷追捧的。

Squale，ZRC和OW都是一些歷史悠久的瑞士獨立制錶單位，沒有大財團背後的加持，手錶款式更見原創性，更有個性，其中兩個更加是首次進軍香港市場，希望為亞太區帶來更多有趣的品牌; OBM",https://www.hktdc.com/event/te/en/exhibitor/1S005PIYO,0,
Alvia Company Limited,Alvia Company Limited,Hong Kong,,,,Exhibitor,Salon de TIME 2025,3F-E03,Salon de TIME - Wearable Tech,,1,,,,,https://www.hktdc.com/event/te/en/exhibitor/1S005SCJ3,0,
Chi Luen Watch Dial Company Limited,Chi Luen Watch Dial Company Limited,Hong Kong,,,,Exhibitor,Salon de TIME 2025,3F-E03,Salon de TIME - Wearable Tech,,1,,,,,https://www.hktdc.com/event/te/en/exhibitor/1S005SCI6,0,
Eone Timepieces,Eone Timepieces,Hong Kong,"Quartz Analogue Watch,Brandname Watch","Quartz Analogue Watch,Brandname Watch",,Exhibitor,Salon de TIME 2025,3G-C14,Salon de TIME - Chic & Trendy,,1,,,"Quartz Analogue Watch,Brandname Watch; Eone Timepiece, often referred to simply as Eone, is a brand known for its innovative and inclusive design approach to timepieces. Eone's flagship product, is a watch designed to be accessible to both sighted and visually impaired; OEM","Quartz Analogue Watch,Brandname Watch; Eone Timepiece, often referred to simply as Eone, is a brand known for its innovative and inclusive design approach to timepieces. Eone's flagship product, is a watch designed to be accessible to both sighted and visually impaired; OEM",https://www.hktdc.com/event/te/en/exhibitor/1S005RMOE,0,
"Shenzhen Ailuo Intelligent Technology Co.,Ltd.","Shenzhen Ailuo Intelligent Technology Co.,Ltd.",Chinese Mainland,"24 Hour Dial Mechanical Watch,Ladies Watch,Mens Watch,Moon Phase Mechanical Watch","24 Hour Dial Mechanical Watch,Ladies Watch,Mens Watch,Moon Phase Mechanical Watch",,Exhibitor,Salon de TIME 2025,3G-A18,Salon de TIME - Chic & Trendy,,1,,,"24 Hour Dial Mechanical Watch,Ladies Watch,Mens Watch,Moon Phase Mechanical Watch; Watch; ODM, OEM, OBM","24 Hour Dial Mechanical Watch,Ladies Watch,Mens Watch,Moon Phase Mechanical Watch; Watch; ODM, OEM, OBM",https://www.hktdc.com/event/te/en/exhibitor/1S005RKEA,0,
Gaga' Milano s.r.l.,Gaga' Milano s.r.l.,Italy,GAGA' MILANO IS AN INDIPENDWENT ITALIAN WATCH BRAND FOUNDED IN 2004 BY MR RUBEN TOMELLA. ITS UNIQUE STYLE MAKES IT VERY RECOGNIZABLE.,GAGA' MILANO IS AN INDIPENDWENT ITALIAN WATCH BRAND FOUNDED IN 2004 BY MR RUBEN TOMELLA. ITS UNIQUE STYLE MAKES IT VERY RECOGNIZABLE.,,Exhibitor,Salon de TIME 2025,3G-B18,Salon de TIME - Renaissance Moment,,1,,,"Skeleton Mechanical Watch,Mechanical Hands & Digital Watch,Quartz Analogue Watch,Chronograph Watch,Ladies Watch,Designer Watch,Mens Watch; WATCHES (MECHANICAL AND QUARTZ); OBM","Skeleton Mechanical Watch,Mechanical Hands & Digital Watch,Quartz Analogue Watch,Chronograph Watch,Ladies Watch,Designer Watch,Mens Watch; WATCHES (MECHANICAL AND QUARTZ); OBM",https://www.hktdc.com/event/te/en/exhibitor/1S005PIXR,2,https://www.hktdc.com/event/te/en/product/1Z03KEACQ; https://www.hktdc.com/event/te/en/product/1Z03KEACQ
"Guangzhou Pagani Watch Co. , Ltd.","Guangzhou Pagani Watch Co. , Ltd.",Chinese Mainland,"Quartz Analogue Watch,Mens Watch","Quartz Analogue Watch,Mens Watch",,Exhibitor,Salon de TIME 2025,3G-A20,Salon de TIME - Chic & Trendy,,1,,,"Quartz Analogue Watch,Mens Watch; Mechanical wristwatch; OBM, OEM, ODM","Quartz Analogue Watch,Mens Watch; Mechanical wristwatch; OBM, OEM, ODM",https://www.hktdc.com/event/te/en/exhibitor/1S005RKIY,0,
Northgate Watches,Northgate Watches,Netherlands,"Quartz Analogue Watch,Chronograph Watch,Jewelled-lever Automatic Watch,Ladies Watch,Brandname Watch,Mens Watch","Quartz Analogue Watch,Chronograph Watch,Jewelled-lever Automatic Watch,Ladies Watch,Brandname Watch,Mens Watch",,Exhibitor,Salon de TIME 2025,3F-B12,Salon de TIME - Renaissance Moment,,1,,,"Quartz Analogue Watch,Chronograph Watch,Jewelled-lever Automatic Watch,Ladies Watch,Brandname Watch,Mens Watch; Northgate Watches is a Dutch based brand. We have over 20 years of watchmaking experience and are devoted to design and create watches for an audience that appreciates quality, elegance, and style.; Others","Quartz Analogue Watch,Chronograph Watch,Jewelled-lever Automatic Watch,Ladies Watch,Brandname Watch,Mens Watch; Northgate Watches is a Dutch based brand. We have over 20 years of watchmaking experience and are devoted to design and create watches for an audience that appreciates quality, elegance, and style.; Others",https://www.hktdc.com/event/te/en/exhibitor/1S005OK6Y,0,
POINT TEC Products Electronic GmbH,POINT TEC Products Electronic GmbH,Germany,"Skeleton Mechanical Watch,Mechanical Hands & Digital Watch,24 Hour Dial Mechanical Watch,Quartz Analogue Watch,Diver Watch,Chronograph Watch,Pilot Watch,Solar Watch,Ladies Watch,Brandname Watch,Designer Watch,Mens Watch,Bluetooth Smart Watch","Skeleton Mechanical Watch,Mechanical Hands & Digital Watch,24 Hour Dial Mechanical Watch,Quartz Analogue Watch,Diver Watch,Chronograph Watch,Pilot Watch,Solar Watch,Ladies Watch,Brandname Watch,Designer Watch,Mens Watch,Bluetooth Smart Watch",,Exhibitor,Salon de TIME 2025,3G-B13A,Salon de TIME - Renaissance Moment,,1,,,"Skeleton Mechanical Watch,Mechanical Hands & Digital Watch,24 Hour Dial Mechanical Watch,Quartz Analogue Watch,Diver Watch,Chronograph Watch,Pilot Watch,Solar Watch,Ladies Watch,Brandname Watch,Designer Watch,Mens Watch,Bluetooth Smart Watch; POINTtec is producing high quality wristwatches. In the entry-level segment, quartz movements by renowned manufacturers such as ETA or Ronda are used. Above that, the watches feature mechanical movements from Miyota or Sellita up to Chronometers.; OEM, OBM","Skeleton Mechanical Watch,Mechanical Hands & Digital Watch,24 Hour Dial Mechanical Watch,Quartz Analogue Watch,Diver Watch,Chronograph Watch,Pilot Watch,Solar Watch,Ladies Watch,Brandname Watch,Designer Watch,Mens Watch,Bluetooth Smart Watch; POINTtec is producing high quality wristwatches. In the entry-level segment, quartz movements by renowned manufacturers such as ETA or Ronda are used. Above that, the watches feature mechanical movements from Miyota or Sellita up to Chronometers.; OEM, OBM",https://www.hktdc.com/event/te/en/exhibitor/1S005PHKV,0,
"Shenzhen FUCDA Industrial Co., Ltd","Shenzhen FUCDA Industrial Co., Ltd",Chinese Mainland,"Skeleton Mechanical Watch,Quartz Analogue Watch,Mens Watch","Skeleton Mechanical Watch,Quartz Analogue Watch,Mens Watch",,Exhibitor,Salon de TIME 2025,3F-A07,Salon de TIME - Craft Treasure,,1,,,"Skeleton Mechanical Watch,Quartz Analogue Watch,Mens Watch; watchs; OEM, ODM, OBM","Skeleton Mechanical Watch,Quartz Analogue Watch,Mens Watch; watchs; OEM, ODM, OBM",https://www.hktdc.com/event/te/en/exhibitor/1S005RKH1,0,
"Shenzhen kedu Trading Co., Ltd","Shenzhen kedu Trading Co., Ltd",Chinese Mainland,"24 Hour Dial Mechanical Watch,Designer Watch,Mens Watch","24 Hour Dial Mechanical Watch,Designer Watch,Mens Watch",,Exhibitor,Salon de TIME 2025,,Salon de TIME - Craft Treasure,,1,,,"24 Hour Dial Mechanical Watch,Designer Watch,Mens Watch; mechanical watch; OEM, OBM","24 Hour Dial Mechanical Watch,Designer Watch,Mens Watch; mechanical watch; OEM, OBM",https://www.hktdc.com/event/te/en/exhibitor/1S005RKF7,0,
Pierre Lannier Sarl,Pierre Lannier Sarl,France,"Since 1977, Pierre Lannier is proud to style the wrist with French style and elegance. 48 years of history promoting French watchmaker know-how and the ""French Elegance"". 48 years of successful and unique craftmanship and reflection of the watch industry evolution. The Pierre Lannier brand has its origins in Alsace, France. Founded in 1977 by the Burgun family, it is now run by the second & third generations: Pierre Burgun and his daughter, Laura. Strong traditional values coupled with sense of product, creativity & willingness to promote the French Savoir Faire, the Burgun family continuously innovate, elevate the brand & its watch collections. Since the beginning in their owned workshop in Alsace, designers and watchmakers combined their know-how and their passion to create hand-assembled distinctive timepieces. Every day, the head watchmaker, and his team, are meticulously assembling the watches with precision and technique, anchored in the French watchmaker tradition. A real commitment to focus on high quality expectations and the ability to sign the collection ‘Made in France’.","Since 1977, Pierre Lannier is proud to style the wrist with French style and elegance. 48 years of history promoting French watchmaker know-how and the ""French Elegance"". 48 years of successful and unique craftmanship and reflection of the watch industry evolution. The Pierre Lannier brand has its origins in Alsace, France. Founded in 1977 by the Burgun family, it is now run by the second & third generations: Pierre Burgun and his daughter, Laura. Strong traditional values coupled with sense of product, creativity & willingness to promote the French Savoir Faire, the Burgun family continuously innovate, elevate the brand & its watch collections. Since the beginning in their owned workshop in Alsace, designers and watchmakers combined their know-how and their passion to create hand-assembled distinctive timepieces. Every day, the head watchmaker, and his team, are meticulously assembling the watches with precision and technique, anchored in the French watchmaker tradition. A real commitment to focus on high quality expectations and the ability to sign the collection ‘Made in France’.",,Exhibitor,Salon de TIME 2025,3F-C07,Salon de TIME - Renaissance Moment,,1,,,"Quartz Analogue Watch,Chronograph Watch,Solar Watch,Ladies Watch,Mens Watch; With 48 years of manufacturing and design experience, Pierre Lannier, one of the largest wristwatch suppliers in France and exporting to over 60 countries, is a major player in industry with worldwide brand recognition.; ODM, OEM","Quartz Analogue Watch,Chronograph Watch,Solar Watch,Ladies Watch,Mens Watch; With 48 years of manufacturing and design experience, Pierre Lannier, one of the largest wristwatch suppliers in France and exporting to over 60 countries, is a major player in industry with worldwide brand recognition.; ODM, OEM",https://www.hktdc.com/event/te/en/exhibitor/1S005UAPN,0,
Aerowatch SA,Aerowatch SA,Switzerland,,,,Exhibitor,Salon de TIME 2025,3F-E05,Salon de TIME - Renaissance Moment,,1,,,,,https://www.hktdc.com/event/te/en/exhibitor/1S005RMZH,0,
ROCHET GROUP,ROCHET GROUP,France,"Since its creation in 1908, the family company ROCHET GROUP (Annecy, France), owner of the ROCHET and BOUVERET brands, has been designing, manufacturing and distributing watch straps for watch brands and jewelers. Inventor of the expansion metal watchband in 1917, the brand has since widely diversified its range of synthetic and especially leather watch bracelets, which now account for 85% of sales. With over a million watchstraps sold each year, and nearly 4,000 retailers worldwide, ROCHET GROUP is the undisputed leader in France, and has an international presence in over 45 countries, with its own subsidiaries in Hong Kong, Japan and Belgium. With an advanced logistics center integrated into its Annecy headquarters, ROCHET GROUP also has its own 100% French unit production, ROCHET BOUVERET MANUFACTURE in Besan?on, producing over 30,000 top of the range taylor made straps a year, in exceptional skins.","Since its creation in 1908, the family company ROCHET GROUP (Annecy, France), owner of the ROCHET and BOUVERET brands, has been designing, manufacturing and distributing watch straps for watch brands and jewelers. Inventor of the expansion metal watchband in 1917, the brand has since widely diversified its range of synthetic and especially leather watch bracelets, which now account for 85% of sales. With over a million watchstraps sold each year, and nearly 4,000 retailers worldwide, ROCHET GROUP is the undisputed leader in France, and has an international presence in over 45 countries, with its own subsidiaries in Hong Kong, Japan and Belgium. With an advanced logistics center integrated into its Annecy headquarters, ROCHET GROUP also has its own 100% French unit production, ROCHET BOUVERET MANUFACTURE in Besan?on, producing over 30,000 top of the range taylor made straps a year, in exceptional skins.",,Exhibitor,Salon de TIME 2025,3F-D05F,Salon de TIME - Renaissance Moment,,1,,,"What we propose is more than a watch bracelet brand but a full-service experience, from quality, efficient pricing policy including good margins, merchandising and supply chain making this business simple and highly profitable.","What we propose is more than a watch bracelet brand but a full-service experience, from quality, efficient pricing policy including good margins, merchandising and supply chain making this business simple and highly profitable.",https://www.hktdc.com/event/te/en/exhibitor/1S005RXKF,0,
Morellato & Sector Limited,Morellato & Sector Limited,Hong Kong,"Quartz Analogue Watch,Chronograph Watch,Jewelled-lever Automatic Watch,Pilot Watch,Ladies Watch,Brandname Watch,Designer Watch,Mens Watch","Quartz Analogue Watch,Chronograph Watch,Jewelled-lever Automatic Watch,Pilot Watch,Ladies Watch,Brandname Watch,Designer Watch,Mens Watch",,Exhibitor,Salon de TIME 2025,3G-E10,Salon de TIME - Chic & Trendy,,1,,,"Quartz Analogue Watch,Chronograph Watch,Jewelled-lever Automatic Watch,Pilot Watch,Ladies Watch,Brandname Watch,Designer Watch,Mens Watch; Luxury Italian Watch and Jewelry brands; Others","Quartz Analogue Watch,Chronograph Watch,Jewelled-lever Automatic Watch,Pilot Watch,Ladies Watch,Brandname Watch,Designer Watch,Mens Watch; Luxury Italian Watch and Jewelry brands; Others",https://www.hktdc.com/event/te/en/exhibitor/1S005OKZJ,0,
Gymetaverse Company Limited,Gymetaverse Company Limited,Hong Kong,,,,Exhibitor,Salon de TIME 2025,3F-E03,Salon de TIME - Wearable Tech,,1,,,,,https://www.hktdc.com/event/te/en/exhibitor/1S005U7RK,0,
Sramek Insight Limited,Sramek Insight Limited,Hong Kong,,,,Exhibitor,Salon de TIME 2025,3F-E03,Salon de TIME - Wearable Tech,,1,,,,,https://www.hktdc.com/event/te/en/exhibitor/1S005U7QN,0,
